state,key,value
-,adilabad,8732,TS,adilabad,504001:504312:504308:504002
-,agra,562,UP,agra,282005:283126:282002:282008:282007:282006:282004:282003:282009:282010:282001
-,ahmedabad,79,GJ,ahmedabad,380210:382346:380050:380009:380045:382115:382410:380014:382425:380011:380024:380054:382442:382405:382325:380003:380018:380020:382427:999988:380057:382449:380015:387540:382470:380022:382324:380019:380058:382440:382418:382445:380008:380055:380010:380028:380027:382345:382352:380059:380025:382475:380063:382430:382350:380004:382428:382333:382330:380029:382340:382433:380005:382443:382481:382404:380051:380052:380330:380016:382424:380041:380017:382415:380002:380026:380023:380007:380053:380062:380013:382211:380061:382435:380001:380021:382480:380060:380006:382327
-,ahmednagar,241,MH,ahmednagar,414005:414112:414002:414601:414003:414201:414006:414111:414001:414004:414110
-,aizawl,389,MZ,aizawl,796001:796036:796014:796410:796005:796015:796009:796007:796012:796004:796008:796025:796017:796421
-,ajmer,145,RJ,ajmer,305008:305002:305006:305007:305025:305004:305022:305021:305001:305206:305005:305024:305003:305011:305023:305012:305009
-,akola,724,MH,akola,444003:444004:444109:444001:444401:444407:444405:444302:444002:444311:444308:444005:444102:444502:444104:444501:444006
-,alappuzha,477,KL,alappuzha,688564:688002:688532:688525:688523:688538:688511:688546:688011:688584:688531:688008:688512:688530:688533:688524:688009:688586:688544:688529:688566:688013:688558:688587:688536:688004:688502:688561:688508:688542:688567:688501:688541:688559:688543:688539:688001:688006:688010:688540:688556:688521:688527:688557:688012:688003:688014:688582:688526:688522:688545:688007:688528:688555:688505:688005:688554:688552
-,aligarh,571,UP,aligarh,204106:202150:202131:212128:202122:202127:202126:202155:202002:202129:202305:202281:202133:202128:202120:202004:202121:202280:202124:202282:202001:202145:202125:202130
-,alirajpur,7394,MP,alirajpur,457888:457990:457887:457893
-,almora,5962,UK,almora,263601:263620:263636:263643
-,alwar,144,RJ,alwar,301002:301025:301031:301026:301023:301028:301032:301030:301001
-,ambala,171,HR,ambala,134011:133003:133010:133004:133101:133002:133007:133005:134005:136135:134008:134007:133205:133006:133104:133021:136134:134002:134003:133202:133008:133201:133203:133001:134012:133102:133207:134001
-,amethi,5368,UP,amethi,230503:227411:227807:230125:227409:227412:227406:227405:230501:227413:227407
-,amravati,721,MH,amravati,444604:444802:444710:444603:444901:444602:444606:444701:444814:444605:444607:444601:444801:444608:444904
-,amreli,2792,GJ,amreli,364565:365610:365535:364540:365456:365430:365601:365455:365450:365440:365545
-,amritsar,183,PB,amritsar,143002:143010:143108:143009:143003:143106:143007:143026:143008:143104:143414:143004:143006:143601:143005:143022:143107:143021:143105:143066:143001
-,anand,2692,GJ,anand,388560:388540:388360:388336:388132:388480:388370:388340:388330:382712:388121:388001:387375:388545:388465:388315:388450:388308:388410:388110:388470:388051:388201:388421:388460:388307:388543:388325:388345:387220:388122:388305:388310:388320:387345:388120:388052:387315:388131:387325:387310:388140:388335:388520:388306:388355:388205:388544:388130:388365:388440:388510:388160:388350:387240:388105
-,anantapur,8554,AP,anantapur,515001:515435:515004:515003:515002:515701:515631:515425:515731:515005:515721
-,anantnag,1932,JK,anantnag,192221:192231:192211:192212:192101:192129:192201:192102:192401:192125:192233:192232:192124:192210:192305
-,anuppur,7659,MP,anuppur,484881:484224:484116:484887:484330:484220:484117:484886
-,araria,6453,BR,araria,854334:854333:854201:854311:854312:854329
-,ariyalur,4329,TN,ariyalur,621731:621729:621715:621704:621701:621714:621705:621718:621713:621653:621707
-,arwal,6337,BR,arwal,804426:804402:804419:804401:801110:802208:804430:804428
-,ashok nagar,7543,MP,ashok nagar,473332:473335:473331:473338:473330
-,auraiya,5683,UP,auraiya,206122:209125:285125:209715:206244:206247:206129
-,aurangabad,6186:240,MH,aurangabad,431003:431136:431007:430005:431005:431115:431102:431008:431004:415570:431009:431154:431133:431101:431010:431001:430006:431006:431002:431152:431210:431201
-,azamgarh,5462,UP,azamgarh,276204:276305:276201:276001:276301:223227:276302:223224:276406:276205:276303:276128:223226:276304:276202:223225:276207
-,bagalkot,8354,KA,bagalkot,587128:587102:587111:587126:587101:587103:587204:587205:587120
-,bageshwar,5963,UK,bageshwar,263632:263634:263642
-,bahraich,5252,UP,bahraich,271902:271806:271824:271801:271871:271875:271851:271870:271825:271872:271802
-,balaghat,7632,MP,balaghat,481102:481226:481115:481101:481001:481222
-,balangir,6652,OR,balangir,767002:767024:767005:767003:767001:767065
-,ballia,5498,UP,ballia,277306:277302:277301:277219:221715:277203:277124:221719:277303:277123:277210:277001:277202:277401:277405:221718:277207:221717:277304
-,balrampur,5263,UP,balrampur,271207:271605:271306:271604:271205:271609:271861:271607
-,banda,5192,UP,banda,210001:210123
-,bandipora,1957,JK,bandipora,193504:193501:193502
-,banka,6424,BR,banka,814131:813103:813124:813125:813126:813106:813101:813127:813211:813102
-,bankura,3242,WB,bankura,722203:722170:722152:722101:722102:722136:722133:722155:722174:722180:722179:722107:722146
-,banswara,2962,RJ,banswara,327007:327002:327025:327604:327603:327026:327032:327034:327601:327001
-,barabanki,524,UP,barabanki,225122:225123:225412:225301:225002:225203:225204:225003:225001:225121:225414
-,baramulla,1952,JK,baramulla,193301:193123:193122:193303:193402:193101:193103
-,baran,7453,RJ,baran,325601:325215:325209:325222:325202:325205:325602:325207
-,bardhaman,342,WB,bardhaman,713124:713101:713407:713149:713104:713102:713103
-,bareilly,581,UP,bareilly,243123:243006:243501:243124:243003:243002:243004:243122:243502:243005:243202:243001
-,bargarh,6646,OR,bargarh,768028:768038:768040:768115:768031:768104:768029:768045:768030
-,barmer,2982,RJ,barmer,344601:344001:344035
-,barnala,1679,PB,barnala,148107:148109:148103:148105:148101
-,barpeta,3665,AS,barpeta,781318:781315:781316:781301:781317:781313:781352:781308:781314
-,barwani,7290,MP,barwani,451551:454341:451447:451555:451661:454334:451550:451556
-,bastar,7782,CG,bastar,494224:494010:494223:494222
-,basti,5542,UP,basti,272001:272155:272128:272170:272002:272003:272178:272123:272131:272125:272190:272302:272141:272124:272149:272105:272182:272126
-,bathinda,164,PB,bathinda,151005:151201:151001:151004:151003:151002:151101:151006
-,beed,2442,MH,beed,431122:431125:431126
-,begusarai,6243,BR,begusarai,848201:851134:851110:851218:848204:851225:851114:851102:851139:851130:851101:851210:851127:851132:851117:851131
-,belgaum,831,KA,belgaum,590008:591246:590013:590014:590016:591113:591139:591103:591109:590015:590005:591156:591254:590019:590004:590011:590006:590001:591221:590018:591243:591128:590012:590010:591143:590020:590002:590007:591124:591108:580010:590003:590009:590017
-,bellary,8392,KA,bellary,583123:583275:583117:583104:583276:583138:583103:583101:583105:583111:583115:577540:583152:583102
-,betul,7141,MP,betul,460225:460002:460004:460001
-,bhadrak,6784,OR,bhadrak,756101:756135:756113:756181:756114:756166:756124:756134:756139:756128:756168:756110:756116:756126:756100:756112:756142:756125:756111:756164:756140:756165:756167:756162:756127:756137:756163:756123
-,bhagalpur,641,BR,bhagalpur,813210:812004:813105:812002:812006:813233:812010:812003:812008:813112:812009:812007:812001:813113:812005:821002
-,bhandara,7184,MH,bhandara,441906:441905:441909:441924:441904
-,bharatpur,5644,RJ,bharatpur,321025:321301:321303:321021:321305:321001:321026:321603
-,bharuch,2642,GJ,bharuch,392030:392012:392105:392210:392014:392003:392001:392005:392002:392240:392111:392015:392011:392020:392161:392160:392221:392162:392004
-,bhavnagar,278,GJ,bhavnagar,364110:364241:364060:346005:364003:364005:346004:346002:364006:364001:364002:364004:346003
-,bhilwara,1482,RJ,bhilwara,311802:311001:311011:311028:311025:311012:301101:311405:311013
-,bhind,7543,MP,bhind,477001:477105:477222:477557:477660:477116:477227
-,bhiwani,1664,HR,bhiwani,127114:127111:127021:127020:127031:127311:127309:127032:125021
-,bhopal,755,MP,bhopal,462019:462010:462016:462012:462017:462014:462007:462032:462041:462037:462034:462021:462033:462001:462008:462020:462029:462006:462023:462018:462003:462043:462028:462027:462024:462005:462066:462004:462038:462040:462042:462011:462013:462026:462015:462044:462031:462022:462002:462030:462047:462025:462036:462039:462100
-,bidar,8482,KA,bidar,585441:585226:585429:585403:585413:585402:585423:585422:585431:585427:585401:585425
-,bijapur,7853:8352,KA,bijapur,586104:586108:586125:586105:586122:586103:586109:586113:586127:586119:586101:586106:586102
-,bijnor,1342,UP,bijnor,246731:246764:246701:246726:246728:246723:246721
-,bikaner,151,RJ,bikaner,334003:334401:334001:334002:334404:334402:334022:334004:334403:334006:334005
-,bilaspur,7752:1978,CG,bilaspur,495223:495005:495555:495224:495006:495663:495222:495003:495004:495009:495550:495002:495551:495220:495335:495001
-,bishnupur,3879,WB,bishnupur,722165:722144:722147:722122
-,bokaro,6549,JH,bokaro,827013:827011:827002:827009:827003:827004:827014:827001:827015:827010:826006:827016:827012:827006
-,bongaigaon,3664,AS,bongaigaon,783388:783384:783383:783385:783381:783380
-,boudh,6841,OR,boudh,762014:762024:762026
-,budaun,5832,UP,budaun,243631:243601:243634:243639:243637:243633
-,bulandshahr,5732,UP,bulandshahr,203001:203002:203409:245409:203121:203150
-,bundi,747,RJ,bundi,323025:323021:323022:323024:323026:323023:323001
-,burhanpur,7325,MP,burhanpur,450331:450445
-,buxar,6183,BR,buxar,802118:802131:802135:802113:802101:802116:802102:802103:802123
-,chamba,1899,HP,chamba,176318:176310:176314
-,chamoli,1372,UK,chamoli,246444:246440:246429:246473:246449:246455:246424:246472:246474:246488:246426:246487:246401:246446
-,champhai,3831,MZ,champhai,796321
-,chandauli,5412,UP,chandauli,232104:232106:232119:232108:232110:232105:232102:232114
-,chandrapur,7172,MH,chandrapur,442402:442401:442406:442908:442917:442916:442507:442403:442404
-,changlang,3808,AR,changlang,792120
-,chatra,6541,JH,chatra,825401
-,chennai,44,TN,chennai,600048:600045:600095:600024:600008:600079:600012:600118:600002:600054:600061:600055:600051:600036:600020:603210:600098:600115:601303:600011:600074:600019:600022:600057:600050:600077:600102:602103:600106:600100:999990:600122:600073:603103:600003:600049:602107:600005:600085:603209:600033:600088:600129:600070:600125:600058:600117:600081:600025:600113:600013:600032:600006:600046:600119:600004:600065:603211:600062:600009:600015:600128:600029:600083:600091:602024:600116:600018:600131:600080:600072:600044:600103:603202:600028:600087:600093:600071:600099:600030:600039:600097:600038:600016:600111:600114:600064:600031:600109:600078:600127:600108:600041:600107:600040:600059:600084:600092:600123:600063:600096:603112:600086:600101:600075:600056:603048:602101:600126:600027:600112:600034:600010:600037:601302:600052:601301:600121:600026:600082:600068:600076:600023:600021:600047:603203:600017:600060:600089:600094:600042:600090:600069:600132:600007:600001:600053:600014:600110:600124:600104:600066:600035:600043:600105:600130
-,chhatarpur,7682,MP,chhatarpur,471501:471405:471411:471105:471001:471408:471201
-,chhindwara,7162,MP,chhindwara,480112:480001:480102:480004:480003:480107
-,chitradurga,8194,KA,chitradurga,577502:577520:577541:577503:577532:577571:577501
-,chitrakoot,5198,UP,chitrakoot,210205:210209:210206:210207:210208:210204
-,chittoor,8572,AP,chittoor,517001:517416:517002:517127:517125:517003:517419:517429:517422:517132:517403:517004:517131:517129:517128
-,churu,1562,RJ,churu,331021:331027:331030:331031:331001
-,coimbatore,422,TN,coimbatore,641402:641030:641003:641040:641026:641108:641036:641028:641039:641018:641010:641016:641035:641012:641064:641659:641037:641005:641065:641015:641109:641020:641062:641001:641406:641004:611114:641017:641007:641027:641009:641006:641046:641031:641049:641103:641013:641041:999998:641008:641407:641061:641044:641101:641043:641025:641024:641404:641045:641201:641029:641011:641105:641405:641048:641114:641401:641033:641111:641668:641038:641023:641034:641408:641047:641021:641014:641002:641022
-,cooch behar,3582,WB,cooch behar,736156:736179:735211:736101:736159:736180:736160:736133:736171:736165:736170:736118:736204
-,cuddalore,4122,TN,cuddalore,607109:607003:607307:607001:607404:607006:607301:607401:607005:608801:607004:607002
-,cuttack,671,OR,cuttack,753005:753051:754006:753012:753000:753010:753027:753013:754291:753011:753141:753004:753015:754020:753003:754112:754101:753001:753009:754013:754100:753025:753071:753007:753014:754003:753008:753002:753021:753006
-,damoh,7812,MP,damoh,470661:470675:470672:470663:470666:470771
-,dantewada,7856,CG,dantewada,494441:494551:494449:494556:494552:494553
-,darbhanga,6272,BR,darbhanga,847429:846004:847122:846002:846001:846005:847101:847306:846008:847120:846006:846007:847121:846009:846003
-,darjeeling,354,WB,darjeeling,734218:734104:734100:734105:734227:734102:734215:734103:734101:734123:734214
-,datia,7522,MP,datia,475661:475686
-,dausa,1427,RJ,dausa,303501:303303:303507:303001:303506:303004:303109
-,davangere,8192,KA,davangere,577003:577551:577534:577004:577556:577601:577589:577218:577588:577001:577591:577519:577544:577566:577514:577002:581123:577518:577005:577512:577231:577525:577006:577552
-,dehradun,135,UK,dehradun,248012:248115:248005:248004:248160:248201:248010:248121:248110:248197:248006:248009:248146:248171:248018:248141:248001:248002:248013:248007:248102:248008:248161:248014:248147:248015:248195:248011:248003
-,deogarh,6641,OR,deogarh,768108:768119
-,deoghar,6432,JH,deoghar,814115:814142:814116:814143:814141:814114:814157:814120:814112:814113:814118:814122
-,deoria,5568,UP,deoria,274001:274405:274204:274003:274805:274201:274807:274202:274806
-,dewas,7272,MP,dewas,455116:455003:455111:455112:455115:455118:455001:455048
-,dhalai,3826,TR,dhalai,799284
-,dhamtari,7722,CG,dhamtari,491227:493770:493773:493776
-,dhanbad,326,JH,dhanbad,828301:826015:828110:828123:828133:828127:828128:828109:828131:828108:828104:828105:828106:828115:828130:828122:828135:828308:828124:828114:828132:828125:828302:828304:828116:826005:828121:828107:828309:828120:828305:828129:828103:828126:828113:828142:828112:826004:828117:828119:826001:828201:826007:826002:828111:828101:826003
-,dhar,7292,MP,dhar,454010:454773:454001
-,dharmapuri,4342,TN,dharmapuri,636701:636804:635301:636305:635205:636354:636352:636705:636803:636704:636351:636807:635202:636702:636703
-,dharwad,836,KA,dharwad,580118:580005:580002:580003:580011:580008:580006:580112:580001:581105:582222:580007:580114:581201:580009:580004
-,dhemaji,3753,AS,dhemaji,787057:787058
-,dhenkanal,6762,OR,dhenkanal,759015:759040:759021:759025:759022:759019:759013:759020:759001:759027
-,dholpur,5642,RJ,dholpur,328041:328030:328024:328027:328001:328028:328029
-,dhubri,3662,AS,dhubri,783324:783303:783323:783310:783331:783302:783339:783307:783320:783325:783301:783312:783321
-,dhule,2562,MH,dhule,424311:424004:424002:424006:424308:424003:424318:424005:424302:424301:424307:424001
-,dibrugarh,373,AS,dibrugarh,786004:786006:786008:786003:786005:786010:786012:786001:786007:786002
-,dimapur,3862,NL,dimapur,797117:797116:797113:797112:797115
-,dindigul,451,TN,dindigul,625203:624802:624211:624301:624308:624303:624005:624302:624714:624209:624316:624208:624702:624707:624006:624054:624008:624305:624004:624304:624701:624202:624314:624002:624306:626601:624003:624801:624219:624705:624204:624206:624804:624307:624803:624009:624709:624001:624007:624309:625602:624312:624220:624708
-,dindori,7644,MP,dindori,481880:481879
-,doda,1996,JK,doda,182147:182202:182201
-,dumka,6434,JH,dumka,814110:814101:814145:814151:814153
-,dungarpur,2964,RJ,dungarpur,314001:314402:314011:314404
-,durg,788,CG,durg,490021:490010:490011:491107:490012:490042:490001:490025:490027:490020:490013:491004:490009:490006:490005:490036:491002:490003:490023:491003:490004:491009:490007:491001:490002:490024:490022:490026
-,erode,424,TN,erode,638115:638007:638112:638012:638008:638057:638001:638006:638107:638051:638009:638327:638005:638102:638002:638154:638316:638004:638056:638101:638058:638003:638183:638104:638301:638010:638113:638011:638053:638052:638153
-,etah,5742,UP,etah,207122:207003:207120:207002:283152:207121:207126:207001
-,etawah,5688,UP,etawah,206126:206245:206001:206003:206002:206130:206131:206253
-,faizabad,5278,UP,faizabad,224001:224234:224189:224182:224203:224135:224204:224172:224123:224284:224141:224133:224127:224145:224201:224188:224161:224202:224171:224223:224157:224195
-,faridabad,129,HR,faridabad,121007:121011:121002:121004:121012:121010:121014:121005:121013:121009:121006:121001:121008:121015:121101:121003:121000
-,faridkot,1639,PB,faridkot,151212:142060:151214:151203:142050:151213
-,farrukhabad,5692,UP,farrukhabad,209625:209621:209651:209602:209601:209724:209749:209503:207501:206451:209501:209504:207503:209745:209739
-,fatehabad,1667,HR,fatehabad,125053:125048:125050:125122:125058:125120:125112:125113:125111
-,fatehpur,5180,UP,fatehpur,212662:212621:212663:212651:212661:212654:212601:212620:212645:212660
-,firozabad,5612,UP,firozabad,283207:283103:283203:283206:283205
-,gadag,8372,KA,gadag,582103:582204:582115:582112:582123:582120:582101:581107:581117:582116:582205:582117:582102:582210
-,gadchiroli,7132,MH,gadchiroli,442605
-,gandhinagar,79,GJ,gandhinagar,382020:382009:382006:382000:382027:383341:382004:380030:382029:382426:382014:382026:382321:382024:382015:382042:382018:382001:382041:382021:382422:382007:382044:382016:382008:382022:382421:382025:382010:382002:370204:382045:382320:382017:382610:382013:382019:382023:382423:382043:382355:382028:382030:382620:382003:382005:382011:382012
-,garhwa,6561,JH,garhwa,822133:822134:822114
-,gaya,631,BR,gaya,824230:824209:824232:823001:823005:824231:824234:823002:823003:823004:823000
-,ghaziabad,120,UP,ghaziabad,201013:201106:201302:201021:201003:201010:201007:201017:201016:201006:201018:201011:201014:201001:201004:201012:201009:201019:201002:201005:201000
-,ghazipur,548,UP,ghazipur,233002:233224:232341:232336:232332:233001:233300:233226:233311:233303:233305
-,giridih,6532,JH,giridih,815314:815302:815305:815301:815303:815316:815312
-,goalpara,3663,AS,goalpara,783125:783124:781320:783126:783120:783134:783122:783382:783121:783101
-,godda,6422,JH,godda,814133
-,golaghat,3774,AS,golaghat,785622:785621:782475:785705:785613:785702:785610:785641:782470:785603:786121:785625:785623
-,gonda,5262,UP,gonda,271122:271002:271308:271601:271003:271001:271310:271125:271301:271602:271401:271123
-,gondia,7182,MH,gondia,441601:441613:441911:441609:441603:441611:441614:441605:441606:441801:441902
-,gopalganj,6156,BR,gopalganj,841428:841440:841427:841405
-,gorakhpur,551,UP,gorakhpur,273202:273013:273007:273017:273009:273016:273014:273212:273209:273011:273008:273012:273001:273201:273401:273010:273015:273004:273003:273203:273006:273002:273005
-,gulbarga,8472,KA,gulbarga,585213:585101:585105:585333:585260:585109:585103:585106:585308:585104:585102
-,gumla,6524,JH,gumla,835220:835207:835324:835208:835232:835233:835231
-,guna,7542,MP,guna,473249:473101:473002:473110:473113:473001:473111:473112:473226
-,guntur,563,AP,guntur,522341:522309:522302:522509:522314:522004:522529:522010:522316:522238:522502:522034:522332:522515:522050:522036:522013:522002:522006:522009:522035:522022:522024:522235:522503:523171:522312:522436:522005:522318:522019:522311:522007:522001:522508:522003:522305:522501:522212:522438:522303:522510:522124:522315:522354:522020:522017
-,gurdaspur,1874,PB,gurdaspur,143529:143528:143530:143519:143521:143526:143520
-,gwalior,751,MP,gwalior,474011:474005:474009:477117:474008:474007:474015:474012:474003:474042:475001:474020:474006:474002:474001:474010:474004
-,hailakandi,3844,AS,hailakandi,788163:788167:788162:788161:788151:788164:788155:788156:788150:788160:788165:788169:788152:788168
-,hamirpur,1972:5282,HP,hamirpur,177005:177001:177501:177022:177040:177027:177030:177020:177029:177023:177048
-,hanumangarh,1552,RJ,hanumangarh,335513:335512:335064:335802
-,harda,7577,MP,harda,450116:461331:461228:461441:461335
-,hardoi,5852,UP,hardoi,241121:241401:241001:241122:241402:241403:241405
-,haridwar,1334,UK,haridwar,249306:249408:249409:249404:249411:249402:249401:249410:249403:249407
-,hassan,8172,KA,hassan,573213:573218:573128:573216:573201:573202:573220:573164:573118:573162:573212:573217:573226:573219
-,hathras,5722,UP,hathras,281307:204102:204101:281206:204213:204105:202139:204216:281306:202146
-,haveri,8375,KA,haveri,581128:583216:581153:581202:583217:581112:581193:581118:581108:581126:581213:581132:581148:581101:581205:581110
-,hingoli,2456,MH,hingoli,431703:431513:431702:431705
-,hisar,1662,HR,hisar,125006:125007:125044:125011:125002:125003:125005:125004:125001
-,hooghly,33,WB,hooghly,712503:712138:712121:712203:712104:712137:712125:712202:712148:712223:712124:712106:712222:712513:712105:712305:712204:712712:712248:712221:712103:712139:712504:712102:712502:712101:712201:712123:712136:712249
-,hoshangabad,7574,MP,hoshangabad,466445:461005:461001:461116:461661
-,hoshiarpur,1882,PB,hoshiarpur,146115:146110:146114:146022:146103:146021:144210:146006:146101:146112:146111:146024:144206:146102:144209:146001:145105:146002:144208:146113:146023:146104:146116
-,howrah,33,WB,howrah,711101:711113:711402:711411:711110:711114:701101:701102:711304:711323:721163:711409:701111:711313:711001:711111:711405:711103:711102:711112:711109:711115:711302:711311:711104:711403:711317
-,hyderabad,40,TS,hyderabad,500267:500097:500079:500061:500105:500014:500096:500056:500009:500104:500047:500006:500022:500004:500054:500037:500035:500094:500076:999995:500062:500594:500064:500050:502325:500077:500073:500068:500057:500085:500107:500031:500178:500039:500873:500040:500046:500024:500092:500059:500002:500052:500082:500380:500067:500048:500087:500482:500080:500019:500103:500028:500110:500265:500013:500010:500044:500660:500762:500023:500018:500021:500095:500007:500012:501323:500195:500015:500011:500070:500045:501510:500088:500089:500457:500253:500991:500041:500042:500049:500123:500098:500091:500086:500034:500051:500409:500605:500083:500069:500890:500065:500055:500090:500005:500025:500001:500081:509218:989896:500060:500361:500027:500264:500084:500030:500252:500033:500020:500058:500072:500017:500100:500066:500029:500063:500038:502032:500108:500053:501218:500074:501507:500093
-,indore,731,MP,indore,453112:453556:452019:452003:453555:999953:452014:452005:453331:453111:452001:452018:452007:452012:452008:452016:451010:452011:452017:455002:453332:450003:453771:452020:452009:452023:452004:452002:452056:452010:452006:452015:452013
-,jabalpur,761,MP,jabalpur,482006:482053:482020:482021:482009:482004:483001:482002:482003:482001:483053:482050:482008:483220:482005:482007:482010:482011
-,jaipur,141,RJ,jaipur,302024:302034:320006:302039:302032:302013:302033:302009:302040:302016:302004:302026:302036:302023:302014:302015:302017:303706:302022:302020:302042:302003:302007:303101:302027:303902:302025:302002:302055:302029:302037:302030:302011:302018:302005:302001:302041:303905:302031:302043:302010:302006:303011:302038:302028:302012:302008:302021:302019
-,jaisalmer,2992,RJ,jaisalmer,345002:345033:345001
-,jajpur,6728,OR,jajpur,755022:755015:755020:755001:755026:755042:755033:755007:755019
-,jalandhar,181,PB,jalandhar,144015:144010:144023:144012:144003:144007:144013:144009:144022:144001:141308:144026:144028:141315:144024:144005:144011:144008:144020:141309:144014:144004:144002:144000:141307:144805:141305:144101:144027:144021:144006
-,jalaun,5162,UP,jalaun,285126:285130:285128:285127:285123:285134:285121:285129:285124
-,jalna,2482,MH,jalna,431200:431202:431213:431204:431215:431203:431214
-,jalpaiguri,3561,WB,jalpaiguri,753121:735230:735234:735218:735102:735121:735101:735137:735133:735219:735132
-,jammu,191,JK,jammu,181145:181121:181113:180003:180009:180012:180005:181008:181133:181152:181123:181205:181132:181221:180018:180006:180010:180019:180013:180001:180017:180020:181124:180002:181208:180011:180004:180015:180016:180007
-,jamnagar,288,GJ,jamnagar,361009:361007:361004:361141:361006:361001:361101:361142:361110:361002:361140:361005:361150:361003:361120:361008
-,jamtara,6433,JH,jamtara,815352:815354:815351
-,jamui,6345,BR,jamui,811317:811313:811307
-,jaunpur,5452,UP,jaunpur,222132:222105:222107:222112:222180:222001:222002:222133:222110:222108:222138:222109:222003
-,jehanabad,6114,BR,jehanabad,804408:804418:804432:804429:804417:804423:804420:804434:804425:804406
-,jhabua,7392,MP,jhabua,457778:457661:457993:457779
-,jhajjar,1251,HR,jhajjar,124101:124504:124202:124104:124107:124102:124201:124103:124105:124109
-,jhalawar,7432,RJ,jhalawar,326021:326036:326023:326001:326022
-,jhansi,517,UP,jhansi,284120:284127:284419:284001:284135:284002:284003:284128:284121:284129
-,jharsuguda,6645,OR,jharsuguda,768232:768204:768205:768202:768201:768220:768203
-,jhunjhunu,1592,RJ,jhunjhunu,333707:333041:333701:333011:333001:332305:333023:332303:332307:333704
-,jind,1681,HR,jind,126152:125039:126113:126125:126116:126102:126114:126115:126110:125038
-,jodhpur,291,RJ,jodhpur,342009:342007:342304:342015:342006:342033:342003:342004:342016:342010:342024:342014:342013:342011:342020:342005:342002:342008:342018:342012:342019:342001:342026
-,jorhat,376,AS,jorhat,785005:785002:785631:785014:785011:785007:785630:785003:785012:785018:785632:785016:785101:785634:785633:785010:785004:785001:785704:785006:785616:785013:785620:785009:785635:785113:785008:785015:785111
-,junagadh,285,GJ,junagadh,362037:362004:362014:362610:362003:362205:362015:362310:362002:362001
-,kaithal,1746,HR,kaithal,136042:136020:132026:136030:136035:136026:136034:136021:136033:136043:136027:136117
-,kangra,1892,HP,kangra,176060:176002:176209:176026:176047:176056:176054:176214:176210:176037:176001:176038
-,kanker,7868,CG,kanker,494334:494335
-,kannauj,5694,UP,kannauj,209738:209748:209734:209727:209723:209732:209725:209722:209736:209733:209726
-,kannur,497,KL,kannur,670014:670594:670622:670330:670001:670601:670339:670337:670006:670614:670016:671350:670563:670003:670567:670503:670603:670612:670566:670507:670309:670334:670591:670308:670303:670009:670562:670010:670597:670332:670595:670327:671311:670144:671221:670346:670005:670018:670504:670343:670011:670611:670142:670358:670307:670565:670502:670613:670015:670564:670310:670305:670143:670604:670333:670002:670141:670621:670013:670602:670012:670007:670017:670004:670314:670592:670008:670315:670312:670501
-,kapurthala,1822,PB,kapurthala,144601:144801:144620:144623:144803:144603:144802:144806:144602
-,karaikal,4368,PU,karaikal,609604:609702:609311:609605:609606:609307:609313:609308:609602:609310:609601:609303:609312:609607:609609:609703
-,karauli,7464,RJ,karauli,322241:322201:322245:322254:322203:322202:322234:322238:322236:322249:322252:322205:322230:322255:322232:322218:322219:322220
-,karimganj,3843,AS,karimganj,788702:788713:788723:788711:788805:788706:788701:788803:788722:788712:788801:788802:788709:788720:788710:788806:788719
-,karnal,184,HR,karnal,132114:132041:132117:132054:132157:132024:132022:132040:132023:132037:132001:132036:132116
-,karur,4324,TN,karur,639007:639006:639004:639008:639118:639001:639116:639005:639136:639003:639108:639002:639114:639109
-,kasganj,5744,UP,kasganj,207241:207123:207245:207403:202134:207124:207125:207402:207401
-,kathua,1922,JK,kathua,184102:184151:184101:184104:184147:184143
-,katihar,6452,BR,katihar,854106:854107:854105:855102:855114:855105:854317:854103:855113:854109:854115
-,katni,7622,MP,katni,483501:483504:483503
-,kawardha,7741,CG,kawardha,491996:491995:491336
-,kendrapara,6727,OR,kendrapara,754250:754213:754214:754211:754229:754210:754215
-,kendujhar,6766,OR,kendujhar,758014:758017:758002:758013:758032:758087:758031:758085:758044:758001
-,khagaria,6244,BR,khagaria,851204:851205:851214
-,khammam,8742,TS,khammam,507305:507318:507161:507002:506381:507158:507210:507001:507183:507182:507163:507004:507003
-,khandwa,733,MP,khandwa,450006:450771:450017:450337:450001:450661
-,kinnaur,1786,HP,kinnaur,172106:172105
-,kishanganj,6456,BR,kishanganj,855107
-,kishtwar,1995,JK,kishtwar,182204
-,kohima,370,NL,kohima,797005:797004:797121:797001
-,kokrajhar,3661,AS,kokrajhar,783376:783394:783373:783372:783369:783370
-,kolar,8152,KA,kolar,563126:563101:563102:563103:563133
-,kolasib,3837,MZ,kolasib,796082:796081:796101:796070
-,kolhapur,231,MH,kolhapur,416207:416006:416009:416125:410062:416202:416216:416234:416112:416001:416008:416007:416123:416222:416235:416015:410005:416003:416201:416122:416236:416004:416119:416022:416011:416002:416012:416013:416014:416229:416019:416005:416232
-,kollam,474,KL,kollam,691005:691020:691501:690525:690573:691334:691004:691580:691602:691011:691018:690543:691002:691318:691302:691304:691589:691500:691603:690523:691581:691562:691007:691021:691578:690568:691511:691582:691017:691014:690522:691003:691010:691504:690569:691019:691303:691008:690519:690546:691502:691573:691585:691009:691012:691006:691301:691587:691583:691590:690528:691319:690536:691572:691016:690524:691577:690542:691503:690574:690538:691515:690521:691571:691588:691584:690539:691601:691579:691576:690518:691604:691015:691013:691001:690544
-,koppal,8539,KA,koppal,583231:583238:583230
-,koraput,6852,OR,koraput,765013:764041:764038
-,korba,7759,CG,korba,495678:495674:495683:495444:495445:495454:495455:495450:495447:495448:495453:495677:495684:495446:495452:495682
-,kota,744,RJ,kota,325204:325007:324001:325201:325003:324003:324002:324021:324010:324006:324005:324009:324008:324004:324007:325001:325208:325203
-,kottayam,481,KL,kottayam,686638:686637:686505:686630:686519:686601:686602:686035:686520:686005:686027:686024:686010:686020:686146:686641:686014:686032:686563:686037:686517:686613:686041:686033:686038:686522:686564:686145:686508:686036:686143:686011:686506:686025:686507:686561:686030:686003:686019:686008:686608:686603:686001:686039:686607:686034:686617:686002:686560:686568:686518:686562:686587:686018:686006:686141:686004:686642:686016:686142:686123:686640:686017:686501:686612:686022:686009:686028:686144:686600:686015:686504
-,kozhikode,495,KL,kozhikode,673001:673012:673019:673317:673303:673024:673314:673638:673652:673631:673004:673519:673027:673328:673611:673017:673637:673003:673655:673026:673634:673018:673301:673632:673010:673643:673016:673029:673032:673011:673028:673025:673635:673619:673633:673005:676319:673648:673014:673636:673006:673002:673013:673020:676315:673653:673617:673302:673009:673647:673015:673021:676312:673008:673007:673616
-,krishnagiri,4343,TN,krishnagiri,635108:635002:635122:635128:635106:635211:635120:635115:635104:635112:635001:635204:635111:635101:635203
-,kullu,1902,HP,kullu,175102:175125:175126:175121:175101:175138
-,kupwara,1955,JK,kupwara,193302:193222:193223:193221:193224
-,kurnool,8518,AP,kurnool,518218:518003:518466:518217:518001:518005:518216:518004:518452:518467:518007:518006:518018:518010:518002
-,kurukshetra,1744,HR,kurukshetra,132118:136131:136038:136119:136118:136156:136132
-,kushinagar,5564,UP,kushinagar,274408:274404:274401:274403:274203:274207:274206:274402
-,lakhimpur,3752,UP,lakhimpur,262725:262721:261501:261506:262728:262701:262702:262726
-,lakhisarai,6346,BR,lakhisarai,811311:811302:811310
-,lalitpur,5176,UP,lalitpur,284501:284122:284124:284403:284123
-,latehar,6565,JH,latehar,829207:829203:829206
-,latur,2382,MH,latur,413512:413520:413531:413527
-,lawngtlai,3835,MZ,lawngtlai,796891
-,leh,1982,LA,leh,194101:194104
-,lohardaga,6526,JH,lohardaga,835302:835304:835305:835306:835213
-,longleng,3869,NL,longleng,798625
-,lucknow,522,UP,lucknow,226501:226023:226303:227005:226301:227106:226028:226203:226029:226201:226014:226001:226018:227105:226017:226030:226019:227308:226020:226008:227015:226004:224226:227305:226024:226009:227309:226006:226013:226031:227132:227208:226016:226015:226003:226002:226007:226021:226025:227207:226202:226000:226305:227107:226005:226401:226302:226027:227101:226011:226010:227205:226012:226022:227202:227125:226026
-,ludhiana,161,PB,ludhiana,141015:141021:141002:141010:141011:141005:141122:141006:141009:141014:142027:141017:141012:141020:141016:141102:141033:141201:141003:141027:141206:141013:141116:141112:141110:142021:141127:141001:142028:141008:142022:141007:141004:142029:141120:141123:141118
-,lunglei,372,MZ,lunglei,796701
-,madhepura,6476,BR,madhepura,852114:852107:852113:852128
-,madhubani,6276,BR,madhubani,847213:847115:847236:847337:847112:847237:847234:847231:847212:847239:847214:847424:847211:847238:847215
-,madurai,452,TN,madurai,625012:625221:625008:625234:625706:625305:625404:625015:625005:626579:625010:625708:625201:625001:625007:625502:624205:625217:625016:626540:625021:625402:625501:625002:625022:625704:625111:625115:625013:625017:625702:625003:625014:625018:625019:624207:625009:625123:625023:625006:625107:625104:625011:625004:625020:625052:630611
-,maharajganj,5523,UP,maharajganj,273303:273302
-,mahasamund,7723,CG,mahasamund,493445:493449:493441:493992
-,mahe,490,KL,mahe,673309:673311:673308:673316:673313:673312
-,mainpuri,5672,UP,mainpuri,206301:205261:205001:205301:205119:205262:205267:205263:205265:205247:205264
-,malappuram,483,KL,malappuram,676514:676513:676509:676505:676515:676511:673651:679324:673642:676507:676506:676304:676320:676317:676318:676309:676311:676519:676308:676303:676510:676504:676305:676508:676528:676306:673649:676121:676517
-,malda,3512,WB,malda,732208:732205:732128:732001:732212:732141:732216:732213:732143:732214:732142:732102:732204:732101:732144:732103
-,malkangiri,6861,OR,malkangiri,764045:764048:764044
-,mamit,389,MZ,mamit,796441
-,mandi,1905,HP,mandi,175005:175003:175124:175021:175006:175052:175022:175001
-,mandla,7642,MP,mandla,481776:481771:480994:481668:481661:481665:480991:481768
-,mandsaur,7422,MP,mandsaur,458389:458895:458990:458002:457339:458558:458669:458664:458001:458668:458667
-,mandya,82332,KA,mandya,571427:571403:571477:571435:571478:571446:571425:571807:571404:571434:571438:571402:571401:571405:572123:571415:571419:571450
-,mansa,1652,PB,mansa,151505:151508:151510
-,mathura,565,UP,mathura,281001:281502:281501:281301:281006:281302:281123:281005:281308:281002:281004:281003:281303:281305:281122
-,mau,547,UP,mau,275102:275103:275101:275201:276403
-,medak,911,TS,medak,502109:502247:502130:502117:502255:502334:502115:502335:502331:502110:502125:502303:502248:502113:502101
-,meerut,121,UP,meerut,250103:250001:250002:250106:250104:250013:250003:250010:250105:250102:250502:250341:250005:250007:250004:250501:250403
-,mirzapur,5442,UP,mirzapur,231312:231211:231309:231303:231307:231001
-,moga,1636,PB,moga,142003:142002:142040:142001:142054:142011:142048:142037:142053
-,mokokchung,369,NL,mokokchung,798601:798617
-,mon,3869,NL,mon,798621
-,moradabad,591,UP,moradabad,244002:244105:244104:244102:244004:244504:244001:244103:244226:202415:202413:244902:244411
-,morena,7532,MP,morena,476134:476219:476115:476111:476001:476221:476444:476554
-,muktsar,1633,PB,muktsar,152104:152031:152032:152026:152025
-,munger,6344,BR,munger,811201:811212:811202:811214:811211:811241
-,murshidabad,3482,WB,murshidabad,742122:742113:742104:742164:742171:742152:742149:742123:742135:742160:742302
-,muzaffarnagar,131,UP,muzaffarnagar,251316:251311:251310:251002:251001:251308:251306:251307:251003:251202
-,muzaffarpur,621,BR,muzaffarpur,844127:843124:843109:842004:843133:843131:843141:844120:843111:843129:842003:842005:842001:843153:843146:843113:842006:843128:843108:843116:844118:842002:843165:842101:843127:843130:843132:845406:842008
-,mysore,821,KA,mysore,570010:571321:570004:570028:570003:570032:570009:571124:570001:570025:570014:571110:571122:571607:570033:570008:570021:570029:570019:570007:570012:570013:570016:570030:570027:571186:570023:571120:570020:570018:571606:570011:570022:570015:571101:570024:570002:570031:570005:571130:570006:570026:570017:570034
-,nabarangapur,6858,OR,nabarangapur,764085:764049:764059:764063:764070:764069:764078
-,nagaon,3672,AS,nagaon,782142:782144:782003:782101:782010:782001:782002
-,nagapattinam,4365,TN,nagapattinam,611001:611111:611002:611102:611104:611106:611003:611108:611110:611112:611103:611109
-,nagaur,1582:1582,RJ,nagaur,341021:341026:341001:341013:341012
-,nagpur,712,MH,nagpur,440009:440014:441109:441102:440005:440022:440002:440021:440032:440006:440035:440019:440033:441404:440010:441122:440004:440030:440037:440024:440003:440013:441001:440012:440020:440025:440018:440016:440008:440015:441123:440001:440017:440028:441108:440104:441111:440007:440023:440031:440026:441002:441113:440029:441110:440011:425511:440036:440027:440034
-,nainital,5942,UK,nainital,263001:263002:263127:263131:263128
-,nalbari,3624,AS,nalbari,781303:781351:781348:781344:781370:781334:781375:781369:781341:781336:781353:781339:781349:781337:781340:781347:781310:781335
-,nalgonda,8682,TS,nalgonda,508001:508247:508205:508002:508004:508254
-,namakkal,4286,TN,namakkal,637019:637014:637021:637017:637212:637405:637015:637002:637409:637003:637013:637404:637206:637001:637020:637207
-,nanded,2462,MH,nanded,431606:431605:431601:431602:431604:431603
-,nandurbar,2564,MH,nandurbar,425416:425412:425411
-,narayanpur,7781,AS,narayanpur,784164:784163:787054:784165:784161:784162:787033
-,narsinghpur,7792,MP,narsinghpur,487118:487114:487001:487221:483119:487110
-,nashik,253,MH,nashik,422206:422006:422214:422205:422302:422005:422002:422008:422003:422401:422222:422001:422101:422009:422012:423111:422209:422502:422007:422301:422013:422201:422501:422221:422207:422010:423502:422215:422011
-,navsari,2637,GJ,navsari,396469:396472:396427:396450:396406:396421:396425:396439:396445:394245:396424:396466:396433:396415:396475:396463:396440:396418:396412:396403:396436
-,nawada,6324,BR,nawada,805102:805107:805111:805123:805103:805110:805104:805126:805121:805141:805112
-,nawanshahr,1823,PB,nawanshahr,144507:144505:144518:144029:144508:144512:144511:144417:144510:144509:144421:144515:144506:144516:144513:144521:144514:144422:144517
-,nayagarh,6753,OR,nayagarh,752070:752087:752080:752094:752081:752079:752090:752082:752069:752068:752066
-,neemuch,7423,MP,neemuch,458220:458474:458468:312606:458470:458441:458330:458339
-,nellore,861,AP,nellore,524005:524366:524001:524320:524344:524313:524137:524003:524311:524346:524318:524323:524315:524004:524316:524321:524002:524347:524314:524152
-,nizamabad,8463,TS,nizamabad,503213:503001:503322:503003:503230:503186:503002:503175:503174
-,nuapada,6678,OR,nuapada,766105:768050:768039:766104:768042
-,osmanabad,2472,MH,osmanabad,413623:413601:413509:413580:413624:413569:413510:413511:413405:413501:413506:413508
-,pakur,6435,JH,pakur,816104:816107
-,palakkad,471,KL,palakkad,678553:678624:678010:678554:678731:678557:678594:678018:678531:678006:678020:678651:678103:678004:678007:678621:678009:678707:678003:678615:678575:678701:678104:678001:678559:678501:678015:678732:678505:678555:678503:678592:678012:678552:678002:678013:678702:678551:678532:678008:678101:678671:678019:678622:678502:678733:678014:678533:678556:678504:678005:678623:678611:678011:678102:678721:678534:678600:678558
-,palghar,2525,MH,palghar,401406:401404:401505:401405:401401:401400:401403:401402
-,pali,2932,RJ,pali,306501:306401
-,palwal,1275,HR,palwal,121102:121105:121103
-,panipat,180,HR,panipat,132110:132145:131102:131101:132101:132104:132108:132140:132102:132106:132105:132115:132122:132103
-,panna,7732,MP,panna,488220:488333:488001
-,parbhani,2452,MH,parbhani,431521:431537:431540:431401:431402
-,patan,2766,JH,patan,384265:384255:384110:384285:384260:384221:384275:384230:384272:384220
-,pathanamthitta,468,KL,pathanamthitta,689517:690001:689504:689671:689668:689666:689694:689646:689698:689501:689693:689505:689507:689659:689649:689664:689722:689625:689515:689691:689503:689665:689656:689678:689647:689723:689502:689692:689721:690529:690509:690010:689653:689680:689661:689645:689681:689509:689521
-,patiala,175,PB,patiala,147008:147004:147002:147005:147111:147003:147006:147103:147021:147001:147007
-,patna,612,BR,patna,800027:800005:800021:801505:800022:800019:800016:801506:800017:800030:803206:800026:800014:800023:801503:800029:800003:800002:800015:800012:800010:800018:801507:800013:800001:804453:800020:800008:800006:800004:803203:800028:800024:800025:800009:800007:800011
-,perambalur,4328,TN,perambalur,621121:621219:621717:621116:621708:621120:621104:621118:621220:621109:621113:621212:621133:621106:621117:621103:621101:621115:621102:621126:621107:621108
-,peren,3839,NL,peren,797101
-,pilibhit,5882,UP,pilibhit,262001:262302:262305:262203
-,pithoragarh,5964,UK,pithoragarh,262502:262540:262520:262521:262501:262530
-,pondicherry,413,PU,pondicherry,607403:605652:607402:605001:605110:605107:605111:605502:605006:605012:605014:605013:605501:605004:605009:605007:605102:605106:605010:605008:605011:605101:605002:605109:605104:605003:605005
-,poonch,1965,JK,poonch,185111:185211:185101
-,porbandar,286,GJ,porbandar,360575:360560:360576:360577:360578:360545:360579:360585:360550
-,pratapgarh,1478:5342,UP,pratapgarh,230305:230002:230001:230131:230404:230401:230122:230304:230402:230403:230502
-,pulwama,1933,JK,pulwama,192301:192304:192306:192303:192123:192302
-,pune,20,MH,pune,412217:411501:411033:411009:411057:411068:411047:411008:411012:412101:411406:411100:411015:411001:412302:412307:411005:411017:411053:411045:411004:411107:411007:411027:411039:411000:412207:411058:411028:411002:411013:411050:411037:412105:999957:411230:411032:411220:411021:411024:411011:410613:411067:411003:412114:411029:411055:411014:411026:411018:411048:411019:411023:411052:411044:412001:411031:411025:411041:411022:411054:411056:411016:411049:411036:411061:411062:411038:411020:411043:412308:411006:411030:411010:411051:412309:411040:411046:411035:411042:411060:411034
-,puri,6752,OR,puri,752006:752002:752012:752067:752014:752003:752013:752001:752011:752045
-,purulia,3252,WB,purulia,723104:723103:723101:723102
-,raebareli,535,UP,raebareli,229302:229405:229010:229001:229306:229310:229316
-,raichur,8532,KA,raichur,584102:584201:584118:584135:584134:584101:584140:584133:584202:584170:584104:584103
-,raigarh,7762:2141,CG,raigarh,496661:496100:496440:496109:496197:496005:496001:496107:496004:496111:496665
-,raipur,771,CG,raipur,493211:492014:492099:492016:493221:492015:492012:493111:492013:492004:492009:492010:492007:492003:492008:492002:492101:492011:492001:492005:492006
-,raisen,7482,MP,raisen,464665:464661:464986:464551
-,rajgarh,7372,RJ,rajgarh,331023:331701:331303
-,rajkot,281,GJ,rajkot,360022:360002:360003:360024:360006:360013:360008:360034:360018:360011:360005:360025:360004:365001:360020:360021:360007:360012:360023:360001
-,rajnandgaon,7744,CG,rajnandgaon,491441:491661
-,rajouri,1962,JK,rajouri,185131:185212:185132:185234
-,rajsamand,2952,RJ,rajsamand,313334:313323:313301:313326:313202:313322:313342:313324
-,ramanathapuram,4567,TN,ramanathapuram,623517:623503:623513:623515:623533:623807:623537:623512:623523:623504:623532:623531:623514:623502:623522:623536:623566:623527:623802:623806:623501:623530
-,ramban,1998,JK,ramban,182148:182144
-,rampur,595,UP,rampur,244402:244901:244926:244927:244924:244925
-,ranchi,651,JH,ranchi,835303:834003:835240:834011:835238:834008:834010:835217:834002:835103:834001:835215:834006:834004:834007:834009:835222:834012:835205:834005
-,ratlam,7412,MP,ratlam,457551:457552:457441:457222:457002:457001:457550
-,ratnagiri,2352,MH,ratnagiri,415618:415616:415629:415806:415619:415639:415612:416707:415626
-,rayagada,6856,OR,rayagada,761207:761213:761214
-,reasi,1991,JK,reasi,182312:182311
-,rewa,7662,MP,rewa,486446:486004:485081:486550:486008:486003:486001:486450:486002:486005:486006
-,rewari,1274,HR,rewari,123101:123303:122502:123501:123302:124146:123102:123103:123414:123305:124141:124142:123411:123502:123401:123035:123412:301401:123301
-,rohtak,1262,HR,rohtak,124401:124411:124021:124416:124113:124406:124010:124001:124303:124412
-,rudraprayag,1364,UK,rudraprayag,246425:246171:246421:246495:246448
-,rupnagar,1881,PB,rupnagar,140102:140119:144522:140108:144533:140111:140001:140113:140112
-,sagar,7582,MP,sagar,470002:470003:470021:470051:470221:470337:470125:470004:470001
-,saharanpur,132,UP,saharanpur,247669:247001:247672:247002:247231:247232:247769
-,saharsa,6478,BR,saharsa,852201:852202:852216:852124:852221:852212
-,salem,427,TN,salem,636007:636014:636006:637502:636016:636203:636001:636307:636004:636005:636140:636009:636103:636008:636010:636017:636308:636201:636106:636015:636122:636204:636002:636003
-,samastipur,6274,BR,samastipur,848110:848102:848121:848138:848303:843134:848109:848129:848134:848135:848127:848132:848101
-,samba,1923,JK,samba,184145:184121:184141
-,sambalpur,663,OR,sambalpur,768018:768200:768011:768116:768020:768112:768006:768212:768017:768101:768019:768016:768001:768002:768005:768003:768004
-,sangli,233,MH,sangli,416435:416137:416425:416436:416415:416144:416306:416304:416540:416416:416406:416423
-,sangrur,1672,PB,sangrur,148001:148026:148008:148006:148106:148000:148002:148004:148038
-,satara,2162,MH,satara,415002:415003:415518:415004:415011:415519:415022:415001
-,satna,7672,MP,satna,485111:485113:485112:485001:485003:485004:485002:485441:485005:485115
-,sawai madhopur,7462,RJ,sawai madhopur,322701:322022:322021:322026:322027:322034:322702:322001:322029:322033
-,sehore,7562,MP,sehore,466651:466001:466112:466002:466115:466117
-,senapati,3871,MN,senapati,795007:795106:795129
-,seoni,7692,MP,seoni,480990:480667:480553:480661:480882
-,serchhip,3838,MZ,serchhip,796181
-,shahdol,7652,MP,shahdol,484120:484001:484114:484002:484110
-,shahjahanpur,5842,UP,shahjahanpur,242407:242226:242306:242223:242406:242001:242005
-,shajapur,7364,MP,shajapur,465106:465220:465001:465697:465110:456770
-,sheikhpura,6341,BR,sheikhpura,811107:811105:811102:811304
-,sheohar,6222,BR,sheohar,845430:843334:843351:843325:843329
-,sheopur,7530,MP,sheopur,476339:476337
-,shimla,177,HP,shimla,170001:171002:171008:173002:171004:171009:171010:171007:171005:173217:171011:171218:171003:171006:171019:171014:171012:171103:171001
-,shimoga,8182,KA,shimoga,577416:577229:577301:577211:577302:577227:577205:577115:577247:577144:577451:577204:577216:577202:577303:577321:577233:577220:577203:577201:577128:577222
-,shivpuri,7492,MP,shivpuri,473551:473554
-,sidhi,7622,MP,sidhi,486661:486771
-,sikar,1572,RJ,sikar,332039:332407:332043:332026:333043:332042:332028:333045:332002:332032:332027:332041:332312:332024:332022:332021:332001
-,simdega,6525,JH,simdega,835224:835228:835226:835223:835235
-,singrauli,7805,MP,singrauli,486884:486889:486887:486890:486888:486885:486892:486886
-,sirohi,2972,RJ,sirohi,307802:307021:307020:307043:307001:307801
-,sirsa,1666,HR,sirsa,125054:125077:125056:125076:125055:125110:125060:125078:125201:125103
-,sitamarhi,6226,BR,sitamarhi,843302:843301:843323:843327:843314:843352:843324:843331
-,sitapur,5862,CG,sitapur,261125:261405:261001:261131:261404
-,sivaganga,4575,TN,sivaganga,630553:630561:630565:630321:630556:630557:630610:626612:630606:630562:620602:630555:623608:630559:630609:630552:630551:630554:630558:630602
-,sivasagar,3772,AS,sivasagar,785663:785668:785644:785660:785697:785649:785643:785648:785667:784151:785665:785672:785640:785664
-,siwan,6154,BR,siwan,841502:841231:841226:841245:841241:841240:841287:841286:841236:841404:841252:841446:841234:841237:841227
-,solan,1792,HP,solan,173222:173212:173213:173223:173230:173221:174102:173211:173214:173218
-,solapur,217,MH,solapur,413005:413248:413214:413008:413001:413228:413253:413224:413004:413003:413213:413324:413002:413255:413010:413006:413007
-,sonipat,130,HR,sonipat,131039:124501:131408:131103:131040:131402:131023:131409:131029:131002:131024:131027:131028:124404:131001:131021:131022:124517:131403:131030
-,srikakulam,8942,AP,srikakulam,532404:532403:532168:532484:532185:532410:532123:532402:532005:532001:532186:532408:532405:532401
-,srinagar,194,JK,srinagar,191201:190014:190023:190009:190012:190006:190004:191112:192122:190015:190018:193404:190008:191113:193121:193411:191102:190020:190003:191132:191121:191101:191111:193109:190007:190001:192121:193108:191103:193198:190025:190021:193401:190017:190002:191123:190011:190024:191131:190005:190019:190010
-,sultanpur,5362,UP,sultanpur,227408:227812:228001:227805:227808:228119:228155:228118
-,supaul,6473,BR,supaul,852130:852131:852110:852108:852138
-,surat,261,GJ,surat,394305:394270:394530:394101:394520:394515:394517:394327:394180:394185:394150:394218:395018:394516:394010:395009:394510:394540:395007:394518:395016:396006:395021:395012:394235:395023:394211:395210:395013:394105:999956:395001:395002:394550:394190:395010:394325:394230:395017:394221:394326:395003:394220:385007:395006:394212:394210:394315:394130:395011:394310:395005:394317:395004:394107:395008
-,surendranagar,2752,GJ,surendranagar,363001:363039:363435:363035:363040:363030:363031:363007:363002:363020:363110
-,tamenglong,3877,MN,tamenglong,795141
-,tawang,3794,AR,tawang,790104
-,thane,22,MH,thane,400609:400206:400606:400608:400207:400605:431302:400603:400601:400604:400208:400210:400610:400602:400615:400607:421307:420421
-,thanjavur,4362,TN,thanjavur,613502:613503:613009:613402:614904:613007:613207:613406:614402:614625:613403:614206:614902:613504:614626:614303:613501:613004:613401:613205:614201:614211:613010:613601:613005:613008:614401:613052:613001:614301:613002:614202:613003:613303:613006
-,theni,4546,TN,theni,625531:625528:626501:625520:626526:625513:625547:625517:626512:625523:625604:625562:625534:625603:625512:626513:625601:626531:625572:625605:625582:625536
-,thiruvananthapuram,471,KL,thiruvananthapuram,695035:695027:695006:695081:695023:695008:695040:695015:695044:695025:695009:695010:695099:695043:695521:695028:695005:695026:695037:695013:695034:695020:695522:695018:695032:695021:695024:695014:695041:695019:695523:695007:695033:695029:695012:695038:695039:695527:695004:695588:695036:695002:695042:695001:695003:695030
-,thiruvarur,4366,TN,thiruvarur,610104:614013:614030:614020:612610:613705:610114:614404:614019:610210:614014:611101:610107:610206:614016:610003:612603:609502:610101:613703:610105:614017:614012:610001:614022:610109:613704:611105:610102:610111:614403:609504:614001:614905:614015:610103:614102:613702:613701:614103:614018:614717:610004:614101:610106
-,thrissur,487,KL,thrissur,680524:680615:680610:680020:680581:680572:680103:680508:680014:680013:680028:679538:680313:680552:680001:680516:680595:680104:679564:680511:680005:680502:680651:680751:680522:680520:680021:680623:680102:679562:680608:680320:680507:680009:680513:680506:680752:680657:680515:680704:680504:680654:680018:680616:680575:680052:680509:680653:680319:680514:680656:680547:680603:680026:680596:680771:680101:680322:680652:680518:680512:680573:680314:680510:680602:680306:680006:680631:680022:680010:680008:680655
-,tikamgarh,7683,MP,tikamgarh,472010:472001:472005:472111:472339
-,tinsukia,374,AS,tinsukia,786124:786192:786147:786126:786125:786145:786146:786170
-,tirunelveli,462,TN,tirunelveli,627003:628252:627354:627361:627004:629205:627451:627359:627352:627252:627007:627502:627358:627353:627304:627254:627002:627152:627202:627356:628809:627854:627302:627001:627351:627051:627006:627201:627009:627012:627151:627005:627604:627011:627301:627251:627357:627008:627010
-,tiruvallur,44,TN,tiruvallur,602003:631203:602021:602027:602001:602023:601103:602025:603113:602002
-,tiruvannamalai,4175,TN,tiruvannamalai,606804:606755:606752:606805:606702:606604:606602:606811:606808:606806:606603:606754:606611:606601:604601
-,tonk,1432:1432,RJ,tonk,304005:304020:304001:304021:304026:304801
-,tuensang,3861,NL,tuensang,798612
-,tumkur,816,KA,tumkur,572223:572107:572105:572102:572117:572103:572118:572168:572219:572145:572104:572122:572106:572222:572216:572101
-,udaipur,294,RJ,udaipur,313001:313022:313014:313016:313204:313003:313004:313011:313013:313201:313024:313002
-,udalguri,3711,AS,udalguri,784508:784513:784507:784524:784510:784114:784523:784514:784509
-,udhampur,1992,JK,udhampur,182124:182126:182121:182127:182125:182117:182104:182101
-,ujjain,734,MP,ujjain,456004:456003:456001:456008:456010:456002:456664:456009:456005:456007:456006:456661
-,ukhrul,3870,MN,ukhrul,795142
-,umaria,7653,MP,umaria,484661:484660
-,una,1975,GJ,una,362550:362520:362565:362570:362540:362571:362560:362510
-,unnao,515,UP,unnao,209864:209862:229503:209861:209506:229502:209863:209825:209865:209859:209867:209801:209866:229202:209831:209827:209860:209841
-,uttarkashi,1374,UK,uttarkashi,249196:249193:249194
-,vadodara,265,GJ,vadodara,390006:390013:391430:390020:390022:391774:390001:391310:391350:391340:391450:390010:391760:390023:390005:391101:390021:391740:390014:390009:391445:391745:390012:391530:390017:390024:390025:391345:391440:390015:390007:391347:388515:390002:390019:391320:391410:390011:380012:390016:391776:390003:391330:390008:391750:391520:391346:390018:390004:391775:391780
-,valsad,2632,GJ,valsad,396385:396031:396030:396035:394307:396065:396051:396375:396126:396015:396055:396125:396045:396020:396002:396007:396050:396001
-,varanasi,542,UP,varanasi,221007:221107:231314:221103:231501:221108:221106:221302:221109:221403:221005:221305:221004:221003:212011:221002:221311:221313:221010:221112:221001:221307:221011:221402:221314
-,vellore,416,TN,vellore,623002:632058:632008:632013:632012:632114:632113:632011:632055:632105:632001:632102:632057:632004:632010:632104:632002:632003:632005:632052
-,vidisha,7592,MP,vidisha,464001:464226
-,virudhunagar,4562,TN,virudhunagar,626204:626104:626109:626003:625701:626002:626001:626008:626053:625707
-,visakhapatnam,891,AP,visakhapatnam,530053:530007:530035:530009:530030:531019:530016:530048:530023:530045:530002:530014:530049:530006:530008:530041:530027:530012:530001:530019:530010:530046:530022:530011:530032:530013:530004:530025:530026:530015:530003:530024:530037:530043:530021:530017:530044:530020:530040:530005:530018:530029:530028
-,vizianagaram,8922,AP,vizianagaram,535002:535217:535006:535214:535280:535003:535004:535218:535215:535005:535001
-,warangal,8712,TS,warangal,506330:506166:506003:506008:506006:506005:506015:506009:506010:506013:506001:506371:506370:506342:506142:506004:506002:506011:506310:506012:506007
-,wardha,7152,MH,wardha,442105:442107:442111:441118:442001:442104:442003:442002:442005:442004:442102:442006
-,washim,7252,MH,washim,444505:444503:444504:444507
-,wokha,3860,NL,wokha,797111
-,yavatmal,7232,MH,yavatmal,445002:445101:445201:445102:444708:445001:445401:445210
-,zunheboto,3867,NL,zunheboto,798620
AP,achampet,8541,TS,achampet,509376:509375:509201:509401
AP,adilabad,8732,TS,adilabad,504001:504312:504308:504002
AP,armoor,8463,TS,armoor,503311:503224:503225:503223:503212:503307:503217:503218
AP,asifabad,8733,TS,asifabad,504293:504295
AP,banswada,8466,TS,banswada,503321:503301:503187:503306
AP,bellampalli,8735,TS,bellampalli,504231:504251:504218
AP,bhadrachalam,8743,TS,bhadrachalam,507129:507134:507128:507111:507137
AP,bhainsa,8752,TS,bhainsa,504101:504109:504103:504104:504102
AP,bodhan,8467,TS,bodhan,503206:503235:503185:503201:503207:503188:503180:503202
AP,cherial,8710,TS,cherial,506223:502280:506355:502372:506367:502277
AP,cumbum,8406,TN,cumbum,625556:625515:625540:625525:625533:625530:625521:625518:626515:625522:625524:625526:625516
AP,devarakonda,8691,TS,devarakonda,508257:508243:508248
AP,gadwal,8546,TS,gadwal,509125:509133:509132:509127
AP,husnabad,8721,TS,husnabad,505480:505466:505472:505471:505497:505467:505481
AP,huzurabad,8727,TS,huzurabad,505101:505102:505468:505490:505470:505476:505498:505474
AP,ibrahimpatnam,8414,TS,ibrahimpatnam,501506:501508
AP,jagtial,8724,TS,jagtial,505529:505327:505532:505452:505455
AP,jangaon,8716,TS,jangaon,506201:506167:506303
AP,kalwakurthy,8549,TS,kalwakurthy,509349:509324:509360:509320
AP,kamareddy,8468,TS,kamareddy,503123:503111:503145:503144:503112:503101:503102:503110:503120
AP,khammam,8742,TS,khammam,507305:507318:507161:507002:506381:507158:507210:507001:507183:507182:507163:507004:507003
AP,kollapur,8501,TS,kollapur,509102:509105
AP,kothagudem,8744,TS,kothagudem,507120:507154:507103:507118:507138:507115:507101:507316:507119:507166
AP,madhira,8749,TS,madhira,507203
AP,mahabubnagar,8542,TS,mahabubnagar,509001:509204:509002:509302:509301:509351:509382:509340:509409
AP,makthal,8503,TS,makthal,509352:509208:509353
AP,mancherial,8736,TS,mancherial,504209:504301:504208:504303:504302
AP,manthani,8729,TS,manthani,505184:505212
AP,medak,8452,TS,medak,502109:502247:502130:502117:502255:502334:502115:502335:502331:502110:502125:502303:502248:502113:502101
AP,medchal,8418,TS,medchal,500043:502336:501401:500078:500101
AP,nalgonda,8682,TS,nalgonda,508001:508247:508205:508002:508004:508254
AP,narayankhed,8456,TS,narayankhed,502256:502287:502286:502271:502290:502269:502371
AP,narayanpet,8506,TS,narayanpet,509205:509311:509407:509210
AP,nirmal,8734,TS,nirmal,504306:504110:504105:504106:504310:503219
AP,nizamabad,8462,TS,nizamabad,503213:503001:503322:503003:503230:503186:503002:503175:503174
AP,parkal,8713,TS,parkal,506175:506319:506348:506391:506164
AP,peddapalli,8728,TS,peddapalli,505152:505185:505162:505416:505153:505172:505174:505187
AP,sangareddy,8455,TS,sangareddy,502001:502205:502294:502295:502306:502329:502285
AP,shadnagar,8548,TS,shadnagar,509217:509216:509228:509207:509202:509325:509410
AP,siddipet,8457,TS,siddipet,502108:503125:502102:502276:502267:502114:502310:505404:502375:502103:502107
AP,sircilla,8723,TS,sircilla,505304:505305:505405:505303:505301
AP,suryapet,8684,TS,suryapet,508376:508213:508214
AP,warangal,870,TS,warangal,506330:506166:506003:506008:506006:506005:506015:506009:506010:506013:506001:506371:506370:506342:506142:506004:506002:506011:506310:506012:506007
AP,yellandu,8745,TS,yellandu,507211:507123:507124:507122
AP,yellareddy,8465,TS,yellareddy,503302:503310:503108:503124:503122
AP,zahirabad,8451,TS,zahirabad,502257:502221:502220:502321:502228:502318:502246:502251:502345:502249
BR,aurangabad,6186,MH,aurangabad,431003:431136:431007:430005:431005:431115:431102:431008:431004:415570:431009:431154:431133:431101:431010:431001:430006:431006:431002:431152:431210:431201
BR,bagodar,6557,JH,bagodar,825322:825313:825312
BR,balumath,6568,JH,balumath,829202
BR,barhi,6543,MP,barhi,483770
BR,barkagaon,6551,JH,barkagaon,825311
BR,barwadih,6567,JH,barwadih,822111:829204
BR,bokaro,6542,JH,bokaro,827013:827011:827002:827009:827003:827004:827014:827001:827015:827010:826006:827016:827012:827006
BR,bundu,6530,JH,bundu,835204
BR,chaibasa,6582,JH,chaibasa,833202:833215:833201
BR,chandil,6591,JH,chandil,832404:832401
BR,chapra,6152,WB,chapra,741123:741164:741166:741124
BR,chatra,6541,JH,chatra,825401
BR,daltonganj,6562,JH,daltonganj,822102:822110:822101
BR,deoghar,6432,JH,deoghar,814115:814142:814116:814143:814141:814114:814157:814120:814112:814113:814118:814122
BR,dhanbad,326,JH,dhanbad,828301:826015:828110:828123:828133:828127:828128:828109:828131:828108:828104:828105:828106:828115:828130:828122:828135:828308:828124:828114:828132:828125:828302:828304:828116:826005:828121:828107:828309:828120:828305:828129:828103:828126:828113:828142:828112:826004:828117:828119:826001:828201:826007:826002:828111:828101:826003
BR,dumka,6434,JH,dumka,814110:814101:814145:814151:814153
BR,garhwa,6561,JH,garhwa,822133:822134:822114
BR,giridih,6532,JH,giridih,815314:815302:815305:815301:815303:815316:815312
BR,godda,6422,JH,godda,814133
BR,gumla,6524,JH,gumla,835220:835207:835324:835208:835232:835233:835231
BR,hazaribagh,6546,JH,hazaribagh,825302:825304:825335:825327:825303:825317:825411:825402:825301:825319
BR,jamshedpur,657,JH,jamshedpur,831004:831012:831014:831003:832110:831008:831010:831005:831015:831019:831018:831007:832108:832402:831009:832107:832109:831006:831017:831013:831001:821004:831011:831002:831035:831016:831020
BR,jamtara,6433,JH,jamtara,815352:815354:815351
BR,japla,6566,JH,japla,822117:822120:822116:822115
BR,khunti,6528,JH,khunti,835234:835209:835216:835210:835221
BR,kolebira,6527,JH,kolebira,835211:835201
BR,latehar,6565,JH,latehar,829207:829203:829206
BR,lohardaga,6526,JH,lohardaga,835302:835304:835305:835306:835213
BR,madhupur,6438,JH,madhupur,815353:814149:815357:814146:814150:814166
BR,mahagama,6437,JH,mahagama,814154:814155:814147:814165
BR,maharajganj,6153,UP,maharajganj,273303:273302
BR,manoharpur,6593,JH,manoharpur,833104
BR,noamundi,6596,JH,noamundi,833221:833217:833218:833213
BR,pakur,6435,JH,pakur,816104:816107
BR,patan,6560,JH,patan,384265:384255:384110:384285:384260:384221:384275:384230:384272:384220
BR,rajdhanwar,6554,JH,rajdhanwar,815318:815315:825412
BR,rajmahal,6426,JH,rajmahal,816116:816129:816108
BR,ramgarh,6553,JH,ramgarh,825101:829122:829146:829109:829101:829108:825103:829117:829150:829103:829129:825330:825316:829131:829102
BR,ramnagar,6256,UK,ramnagar,263159:244715
BR,ranchi,651,JH,ranchi,835303:834003:835240:834011:835238:834008:834010:835217:834002:835103:834001:835215:834006:834004:834007:834009:835222:834012:835205:834005
BR,simdega,6525,JH,simdega,835224:835228:835226:835223:835235
BR,tisri,6556,JH,tisri,815313:815317
BR,torpa,6538,JH,torpa,835227:835229
BY,mumbai,22,MH,mumbai,401202:400001:400019:400020:400202:400064:410107:400075:401201:400034:400070:410213:421507:400011:401208:400087:410221:400074:410206:400094:400043:410217:400061:400018:401301:400049:400108:410211:400024:400021:400022:400003:400071:400038:400079:400035:400053:401200:400006:410208:400104:400029:400048:401016:421006:401303:400112:400007:400052:400014:401105:401104:400076:400077:401207:400088:400106:400085:410303:400066:400083:400102:400093:400059:400098:400002:999929:400058:400005:400063:400054:400042:400410:400082:400013:400081:400080:400084:401209:400095:400086:400010:400099:999989:400041:400031:999992:400046:400091:400051:401205:400113:400023:400114:400097:400096:400078:400036:400057:400069:400050:989898:401107:400401:401304:400004:400016:400105:401106:400015:400092:400030:401302:401305:400090:400068:400067:400167:400026:400032:400089:400111:400056:401210:400101:400162:400008:400009:400072:400028:401101:400033:401100:400065:400110:400025:400027:400012:400062:400060:400017:400103:400901:400073:400109:400055:400039:400047:400037:401203
GJ,barwala,2711,HR,barwala,125121
GJ,dharampur,2633,HP,dharampur,173209:173210:173204:173229:173202
GJ,patan,2766,JH,patan,384265:384255:384110:384285:384260:384221:384275:384230:384272:384220
HA,ambala,171,HR,ambala,134011:133003:133010:133004:133101:133002:133007:133005:134005:136135:134008:134007:133205:133006:133104:133021:136134:134002:134003:133202:133008:133201:133203:133001:134012:133102:133207:134001
HA,assandh,1749,HR,assandh,126111:132039:132046:136044
HA,bahadurgarh,1276,HR,bahadurgarh,124506:124508:124505:124507
HA,barwala,1693,HR,barwala,125121
HA,bhiwani,1664,HR,bhiwani,127114:127111:127021:127020:127031:127311:127309:127032:125021
HA,ellenabad,1698,HR,ellenabad,125075:125102
HA,faridabad,129,HR,faridabad,121007:121011:121002:121004:121012:121010:121014:121005:121013:121009:121006:121001:121008:121015:121101:121003:121000
HA,fatehabad,1667,HR,fatehabad,125053:125048:125050:125122:125058:125120:125112:125113:125111
HA,gohana,1263,HR,gohana,131304:131306:131301:131305:131302:131310:131303
HA,gurgaon,124,HR,gurgaon,122012:122213:122217:122002:122220:122010:122011:122008:122009:122013:122218:122216:122052:122016:122000:122210:122021:122006:122109:122233:122219:122014:122207:122227:122003:122055:122022:122506:122209:122204:122098:122505:122215:122004:122101:122051:122050:122231:122206:123507:122211:123505:122005:122019:122015:122017:122224:122102:122001:122225:122208:122018:122203:122232:122007
HA,hansi,1663,HR,hansi,125037:125033:125049:127035
HA,jhajjar,1251,HR,jhajjar,124101:124504:124202:124104:124107:124102:124201:124103:124105:124109
HA,jind,1681,HR,jind,126152:125039:126113:126125:126116:126102:126114:126115:126110:125038
HA,kaithal,1746,HR,kaithal,136042:136020:132026:136030:136035:136026:136034:136021:136033:136043:136027:136117
HA,karnal,184,HR,karnal,132114:132041:132117:132054:132157:132024:132022:132040:132023:132037:132001:132036:132116
HA,kurukshetra,1744,HR,kurukshetra,132118:136131:136038:136119:136118:136156:136132
HA,loharu,1252,HR,loharu,123024:127201:127308:127030
HA,meham,1257,HR,meham,124514:125042:127027:126101:124022:124111:127041:124513:124112:124127
HA,naraingarh,1734,HR,naraingarh,134205:134204:134201:134203:134202
HA,narnaul,1282,HR,narnaul,123021:301713:123023:123028:123001
HA,nuh,1267,HR,nuh,122104:122107:122108
HA,palwal,1275,HR,palwal,121102:121105:121103
HA,panipat,180,HR,panipat,132110:132145:131102:131101:132101:132104:132108:132140:132102:132106:132105:132115:132122:132103
HA,pehowa,1741,HR,pehowa,136136:136128:136130:136129
HA,ratia,1697,HR,ratia,125133:151507:125051:125106
HA,rewari,1274,HR,rewari,123101:123303:122502:123501:123302:124146:123102:123103:123414:123305:124141:124142:123411:123502:123401:123035:123412:301401:123301
HA,rohtak,1262,HR,rohtak,124401:124411:124021:124416:124113:124406:124010:124001:124303:124412
HA,safidon,1686,HR,safidon,132113:126112
HA,sirsa,1666,HR,sirsa,125054:125077:125056:125076:125055:125110:125060:125078:125201:125103
HA,siwani,1255,HR,siwani,127045:127043:127046:127040
HA,sonipat,130,HR,sonipat,131039:124501:131408:131103:131040:131402:131023:131409:131029:131002:131024:131027:131028:124404:131001:131021:131022:124517:131403:131030
HP,bilaspur,1978,CG,bilaspur,495223:495005:495555:495224:495006:495663:495222:495003:495004:495009:495550:495002:495551:495220:495335:495001
HP,rajgarh,1799,RJ,rajgarh,331023:331701:331303
HP,udaipur,1909,RJ,udaipur,313001:313022:313014:313016:313204:313003:313004:313011:313013:313201:313024:313002
HP,una,1975,GJ,una,362550:362520:362565:362570:362540:362571:362560:362510
JK,leh,1982,LA,leh,194101:194104
JK,ramnagar,1990,UK,ramnagar,263159:244715
KT,afzalpur,8470,KA,afzalpur,585212:585217:585301
KT,alur,8170,AP,alur,518348:518395:518465:518380:518346
KT,ankola,8388,KA,ankola,581321:581344:581326:581316:581353:581319:581314:581357
KT,arsikere,8174,KA,arsikere,573103:573126:573122
KT,athani,8289,KA,athani,591256:591248:591232:591240:591212:591230:591304:591262:591173
KT,aurad,8485,KA,aurad,585443:585436:431741:585259:585417:585326:585428:585421
KT,badami,8357,KA,badami,587201
KT,bagalkot,8354,KA,bagalkot,587128:587102:587111:587126:587101:587103:587204:587205:587120
KT,bagepalli,8150,KA,bagepalli,561207:563124:561212:561209
KT,bailhongal,8288,KA,bailhongal,591119:591121:591104:591102:591125:591147
KT,bangalore,80,KA,bangalore,560061:560105:560116:560066:560055:560025:100003:560093:562149:560030:562107:560082:560080:560020:560242:560026:560073:560075:560083:560023:560012:560006:560110:560013:560035:560015:562106:560125:560096:560107:562157:560086:560059:562158:560098:560112:560011:560022:560002:560064:560014:560103:560072:560063:560062:560095:560034:560003:560028:560010:560009:560027:560067:560071:560078:560047:560068:560108:560043:560051:560104:560300:560079:560087:560005:560017:560102:560065:560031:560041:989895:560090:560050:560076:560048:560100:560042:560049:560081:560092:560069:560044:562125:560045:560007:560085:560056:560024:560019:560057:560099:560040:560074:560037:560070:562300:560033:560113:560018:560004:560115:560054:560094:560077:560021:560029:560008:560058:560039:560036:560001:560106:560053:560060:560111:560091:560052:560046:560032:560114:560097:560038:560109
KT,bantwal,8255,KA,bantwal,574211:574323:574264:574219:574231:574143:574169:574222:574265:574301:574324
KT,basavakalyan,8481,KA,basavakalyan,585419:585437:585327
KT,belgaum,831,KA,belgaum,590008:591246:590013:590014:590016:591113:591139:591103:591109:590015:590005:591156:591254:590019:590004:590011:590006:590001:591221:590018:591243:591128:590012:590010:591143:590020:590002:590007:591124:591108:580010:590003:590009:590017
KT,bellary,8392,KA,bellary,583123:583275:583117:583104:583276:583138:583103:583101:583105:583111:583115:577540:583152:583102
KT,belthangady,8256,KA,belthangady,574228:574224:574216
KT,belur,8177,KA,belur,573121:573215:573101:573115
KT,bhadravati,8282,MH,bhadravati,442902:442501
KT,bhalki,8484,KA,bhalki,585328:585411:585444
KT,bhatkal,8385,KA,bhatkal,581320:576244:581354:581350:576214:581421:576228
KT,bidar,8482,KA,bidar,585441:585226:585429:585403:585413:585402:585423:585422:585431:585427:585401:585425
KT,bijapur,8352,KA,bijapur,586104:586108:586125:586105:586122:586103:586109:586113:586127:586119:586101:586106:586102
KT,challakere,8195,KA,challakere,577543:577536:577538:577522
KT,channagiri,8189,KA,channagiri,577526:577554:577539:577215:577523:577213:577221:577531:577557:577243
KT,channapatna,8113,KA,channapatna,571501:562138:562108:562160:562161
KT,chikkanayakanahalli,8133,KA,chikkanayakanahalli,572214
KT,chincholi,8475,KA,chincholi,585307:585305:585324:585306
KT,chintamani,8154,KA,chintamani,563161:563134:563125
KT,chitradurga,8194,KA,chitradurga,577502:577520:577541:577503:577532:577571:577501
KT,chittapur,8474,KA,chittapur,585228:585225:585211:585238:585317:585229:585312
KT,davangere,8192,KA,davangere,577003:577551:577534:577004:577556:577601:577589:577218:577588:577001:577591:577519:577544:577566:577514:577002:581123:577518:577005:577512:577231:577525:577006:577552
KT,gadag,8372,KA,gadag,582103:582204:582115:582112:582123:582120:582101:581107:581117:582116:582205:582117:582102:582210
KT,gangavathi,8533,KA,gangavathi,583282:583283:583268:583132:583235:584130:583227
KT,gokak,8332,KA,gokak,591307:591233:591318:591306:591107:591101:591122:591224:591218:591231:591344:591227:591308
KT,gulbarga,8472,KA,gulbarga,585213:585101:585105:585333:585260:585109:585103:585106:585308:585104:585102
KT,gundlupet,8229,KA,gundlupet,571109:571123:571111
KT,haliyal,8284,KA,haliyal,581356:581329
KT,hangal,8379,KA,hangal,581102:581197:581104:581203
KT,hassan,8172,KA,hassan,573213:573218:573128:573216:573201:573202:573220:573164:573118:573162:573212:573217:573226:573219
KT,haveri,8375,KA,haveri,581128:583216:581153:581202:583217:581112:581193:581118:581108:581126:581213:581132:581148:581101:581205:581110
KT,hiriyur,8193,KA,hiriyur,572143:577596:577558:577545:577598:577599:577511
KT,holenarasipur,8175,KA,holenarasipur,573210:573211
KT,honnali,8188,KA,honnali,577516:577224:577223:577217:577530:577219:577230
KT,honnavar,8387,KA,honnavar,581334:581327:581361:581423:581348:581338:581342:581341:581335
KT,hosadurga,8199,KA,hosadurga,577597:577542:577533:577515:577527
KT,hospet,8394,KA,hospet,583223:583215:583203:583202:583233:583239:583204:583234:583222:583211:583201:583221:583225
KT,hubli,836,KA,hubli,580028:580031:580032:581140:580030:580213:581212:580024:581113:580022:580020:581207:580025:580023:581196:580021:580026:580027:580029:581234
KT,humnabad,8483,KA,humnabad,585414:585412:585330:585415:585353:585418:585316:585331:585313:585329
KT,hunsur,8222,KA,hunsur,571116:571189:571114:571134:571125:571105:571103:571106:571107:571121:571108
KT,indi,8359,KA,indi,586227:586209:586211:586204:586117:586217:586205:586112:586111:586242:586215:586207
KT,jamkhandi,8353,KA,jamkhandi,587330:587301:587119:587311:587135
KT,jewargi,8442,KA,jewargi,585303:585310
KT,kadur,8267,KA,kadur,577175:577547:577548:577245:577182:577116:577129:577140:577228:577550:577180:577145:577549:577138:577135
KT,kanakapura,8117,KA,kanakapura,562126:562119:562117
KT,karkala,8258,KA,karkala,574108:576117:576111:574122:574244:574110:574129:574101:576126:574104:574114:574107:574102
KT,karwar,8382,KA,karwar,581352:581303:581305:581317:581345:581360:581304:581339:581324:581328:581308:581302:581306:581307:581301
KT,khanapur,8336,KA,khanapur,591131:591302:591120
KT,kolar,8152,KA,kolar,563126:563101:563102:563103:563133
KT,koppal,8539,KA,koppal,583231:583238:583230
KT,kudligi,8391,KA,kudligi,583135:583124
KT,kumta,8386,KA,kumta,581332:581362:581343:581323:581330:581440:581333:581351
KT,kunigal,8132,KA,kunigal,572142:562131:572126:572130:572120
KT,kurugodu,8393,KA,kurugodu,583116:583120:583129
KT,madikeri,8272,KA,madikeri,571248:571237:571201:571251
KT,malavalli,8231,KA,malavalli,571475:571430:571422:571424:571417:571463:571421
KT,malur,8151,KA,malur,563139:563160:563137:563130
KT,mandya,8232,KA,mandya,571427:571403:571477:571435:571478:571446:571425:571807:571404:571434:571438:571402:571401:571405:572123:571415:571419:571450
KT,mangalore,824,KA,mangalore,575011:575013:575004:575015:575001:575007:574151:575006:575008:575028:574173:575003:574189:575016:574166:575002:574145:575010:574142:575005:574509:575029:575012
KT,manvi,8538,KA,manvi,584123:584203:584143
KT,muddebihal,8356,KA,muddebihal,586129:586213:586212:585219:587207:587115:586124:586116:586201:586245
KT,mudhol,8350,KA,mudhol,587113:587319:587122:591136:587117:587313:587121
KT,mudigere,8263,KA,mudigere,577113:577132
KT,mulbagal,8159,KA,mulbagal,563136:563132:563131:563127
KT,mysore,821,KA,mysore,570010:571321:570004:570028:570003:570032:570009:571124:570001:570025:570014:571110:571122:571607:570033:570008:570021:570029:570019:570007:570012:570013:570016:570030:570027:571186:570023:571120:570020:570018:571606:570011:570022:570015:571101:570024:570002:570031:570005:571130:570006:570026:570017:570034
KT,nagamangala,8234,KA,nagamangala,571431:571432:571811:571448:571445:571416:571802:571418
KT,nanjangud,8221,KA,nanjangud,571118:571119:571315:571325:571302:571301:571311:571129:571314:571312
KT,navalgund,8380,KA,navalgund,582201:581209:582208
KT,nelamangala,8118,KA,nelamangala,560089:562123:562162:560088
KT,pavagada,8136,KA,pavagada,572136:561202:572141
KT,puttur,8251,KA,puttur,574202:574259:574258:574210:574326:574325:574203:574241:574201
KT,raichur,8532,KA,raichur,584102:584201:584118:584135:584134:584101:584140:584133:584202:584170:584104:584103
KT,ramdurg,8335,KA,ramdurg,587155:591127:591123
KT,ranebennur,8373,KA,ranebennur,581208:581210:581109:581115:581143:581145:581116:581211:581119:581111
KT,sagar,8183,MP,sagar,470002:470003:470021:470051:470221:470337:470125:470004:470001
KT,sakleshpur,8173,KA,sakleshpur,573129:573214:573165:573134:573127
KT,sandur,8395,KA,sandur,583118:583119
KT,saundatti,8330,KA,saundatti,591110
KT,sedam,8441,KA,sedam,585292:585222:585320:585210:585318
KT,shahapur,8479,KA,shahapur,585223:585309:585323:585287
KT,shimoga,8182,KA,shimoga,577416:577229:577301:577211:577302:577227:577205:577115:577247:577144:577451:577204:577216:577202:577303:577321:577233:577220:577203:577201:577128:577222
KT,shorapur,8443,KA,shorapur,585224:585290:585216:585304:585220
KT,siddapur,8389,KA,siddapur,581322:577421:581355:577435
KT,sindagi,8488,KA,sindagi,586128:586206:586142:586220:586202:586120:586115:586123
KT,sindhanur,8535,KA,sindhanur,584128:584132:583229
KT,sirsi,8384,KA,sirsi,581403:581402:581346:577419:581340:581401:581336:581450:581318:581358
KT,siruguppa,8396,KA,siruguppa,583122:583121:583114:584167
KT,sullia,8257,KA,sullia,574314:574223:574218:574234:574248:574212:574239:574313:574327
KT,thirthahalli,8181,KA,thirthahalli,577246:577412:577426:577440:577232:577432:577423:577422:577125:577448:577415:577414:577436
KT,tiptur,8134,KA,tiptur,572201:572224:572202:572217:572226:572114:573119
KT,tumkur,816,KA,tumkur,572223:572107:572105:572102:572117:572103:572118:572168:572219:572145:572104:572122:572106:572222:572216:572101
KT,virajpet,8274,KA,virajpet,571212:571218:571211
KT,yelburga,8534,KA,yelburga,583284:582114:583232:583236
KT,yellapur,8419,KA,yellapur,581359:581337:581412:581347
MH,dindori,2557,MP,dindori,481880:481879
MH,gangapur,2433,RJ,gangapur,311805:311801:311806
MH,pali,2142,RJ,pali,306501:306401
MH,patan,2372,JH,patan,384265:384255:384110:384285:384260:384221:384275:384230:384272:384220
MH,shahapur,2527,KA,shahapur,585223:585309:585323:585287
MH,vijapur,2436,GJ,vijapur,382850:382830:382855:382810:382820:383220:382835:382845:382735:382815
MP,ambikapur,7774,CG,ambikapur,497116:497001
MP,bagicha,7769,CG,bagicha,496224
MP,baikunthpur,7836,CG,baikunthpur,497335:497339
MP,balod,7749,CG,balod,491225:491228:491222:491771:491223:491226
MP,balrampur,7831,UP,balrampur,271207:271605:271306:271604:271205:271609:271861:271607
MP,banda,7583,UP,banda,210001:210123
MP,bemetara,7824,CG,bemetara,491338:491335
MP,berla,7825,CG,berla,491331:491888:491332:491993
MP,bhanupratappur,7850,CG,bhanupratappur,491230:494669:494670:494665:494635:491229
MP,bhatapara,7726,CG,bhatapara,491340:493113:493195:493196:493118
MP,bijapur,7853,KA,bijapur,586104:586108:586125:586105:586122:586103:586109:586113:586127:586119:586101:586106:586102
MP,bilaspur,7752,CG,bilaspur,495223:495005:495555:495224:495006:495663:495222:495003:495004:495009:495550:495002:495551:495220:495335:495001
MP,dantewada,7856,CG,dantewada,494441:494551:494449:494556:494552:494553
MP,dhamtari,7722,CG,dhamtari,491227:493770:493773:493776
MP,dharamjaigarh,7766,CG,dharamjaigarh,496116
MP,dongargarh,7823,CG,dongargarh,491557:491445
MP,durg,788,CG,durg,490021:490010:490011:491107:490012:490042:490001:490025:490027:490020:490013:491004:490009:490006:490005:490036:491002:490003:490023:491003:490004:491009:490007:491001:490002:490024:490022:490026
MP,gogunda,7865,RJ,gogunda,313704:313705
MP,gopalganj,7695,BR,gopalganj,841428:841440:841427:841405
MP,jagdalpur,7782,CG,jagdalpur,494005:494442:494004:494221:494001
MP,kanker,7868,CG,kanker,494334:494335
MP,karanjia,7645,OR,karanjia,758046:758045:758030:757037:758016
MP,kawardha,7741,CG,kawardha,491996:491995:491336
MP,khairagarh,7820,CG,khairagarh,491885:491444:491881
MP,kondagaon,7786,CG,kondagaon,494226:494228:494229
MP,konta,7866,CG,konta,494114
MP,korba,7759,CG,korba,495678:495674:495683:495444:495445:495454:495455:495450:495447:495448:495453:495677:495684:495446:495452:495682
MP,kota,7753,RJ,kota,325204:325007:324001:325201:325003:324003:324002:324021:324010:324006:324005:324009:324008:324004:324007:325001:325208:325203
MP,kunkuri,7764,CG,kunkuri,496242:496227:496223:496225:496334:496245
MP,kusmi,7804,CG,kusmi,496336:497224
MP,mahasamund,7723,CG,mahasamund,493445:493449:493441:493992
MP,manendragarh,7771,CG,manendragarh,497448:497446:497451:497442:497553:497555:497447
MP,mungeli,7755,CG,mungeli,495330:495334:491337:495115
MP,nagri,7700,CG,nagri,493778
MP,pakhanjur,7844,CG,pakhanjur,494771:494776:494777
MP,pali,7816,RJ,pali,306501:306401
MP,patan,7826:7621,JH,patan,384265:384255:384110:384285:384260:384221:384275:384230:384272:384220
MP,pathalgaon,7765,CG,pathalgaon,497114:497111:496118:496220
MP,pendra,7751,CG,pendra,495118:495117:495119
MP,pratappur,7777,CG,pratappur,497223
MP,premnagar,7776,CG,premnagar,497117:497333
MP,raghunathpur,7535,WB,raghunathpur,723132:723157:723168:723156:723133:723161:723142:723121
MP,raigarh,7762,CG,raigarh,496661:496100:496440:496109:496197:496005:496001:496107:496004:496111:496665
MP,raipur,771,CG,raipur,493211:492014:492099:492016:493221:492015:492012:493111:492013:492004:492009:492010:492007:492003:492008:492002:492101:492011:492001:492005:492006
MP,rajgarh,7372,RJ,rajgarh,331023:331701:331303
MP,rajpur,7832:7284,BR,rajpur,802122:802114:802128
MP,sitapur,7834,CG,sitapur,261125:261405:261001:261131:261404
MP,sukma,7864,CG,sukma,494122:494111
MP,udaipur,7833,RJ,udaipur,313001:313022:313014:313016:313204:313003:313004:313011:313013:313201:313024:313002
NE,agartala,381,TR,agartala,799210:799003:799001:799035:799009:799130:799008:799046:799022:799006:799011:799113:799002:799014:799010:799005:799012:799045:799004:799007
NE,basar,3795,AR,basar,791101
NE,changlang,3808,AR,changlang,792120
NE,dimapur,3862,NL,dimapur,797117:797116:797113:797112:797115
NE,dirang,3780,AR,dirang,790101
NE,hayuliang,3805,AR,hayuliang,792104
NE,imphal,385,MN,imphal,795136:795134:795114:795003:795138:795010:795009:795002:795113:795140:795115:795001:795008:795145:795130:795148:795004:795146:795005:795132:795149
NE,itanagar,360,AR,itanagar,791113:791112:791111:791109:791123
NE,jairampur,3800,AR,jairampur,792121:792123
NE,jiribam,3876,MN,jiribam,795116
NE,jowai,3652,ML,jowai,793151:793150
NE,khliehriat,3655,ML,khliehriat,793160:793200
NE,khonsa,3786,AR,khonsa,792130
NE,khowai,3825,TR,khowai,799201:799202:799207
NE,kohima,370,NL,kohima,797005:797004:797121:797001
NE,kolasib,3837,MZ,kolasib,796082:796081:796101:796070
NE,mairang,3657,ML,mairang,793120
NE,mokokchung,369,NL,mokokchung,798601:798617
NE,mon,3869,NL,mon,798621
NE,nongpoh,3638,ML,nongpoh,793101:793102
NE,nongstoin,3654,ML,nongstoin,793119
NE,sagalee,3809,AR,sagalee,791114
NE,seppa,3787,AR,seppa,790102
NE,shillong,364,ML,shillong,793015:793005:793008:793104:793007:793121:793002:793016:793009:793010:793011:793103:793017:793014:793006:793105:794102:793001:793115:793004:793116:793018:793122:793022:793019:793003
NE,tamenglong,3877,MN,tamenglong,795141
NE,tawang,3794,AR,tawang,790104
NE,tezu,3804,AR,tezu,792001
NE,tura,3651,ML,tura,794001:794101:794005:794109:794002
NE,williamnagar,3658,ML,williamnagar,794111
NE,wokha,3860,NL,wokha,797111
OR,kashipur,6865,UK,kashipur,262401:244712:244714:244717:244713:263401:244716:263150
OR,laxmipur,6855,CA,laxmipur,3710:3721:3730:3706:3732:3702:3703:3708:3712:3705:3722:3707:3704:3720:3701:3713:3700
OR,narsinghpur,6721,MP,narsinghpur,487118:487114:487001:487221:483119:487110
PB,chandigarh,172,CH,chandigarh,160018:160039:160029:160043:160023:160008:160020:160032:160015:160002:160003:160048:160028:160031:160044:134107:160034:160036:160016:160101:160005:160046:160030:160024:160047:160035:160017:160037:160051:160049:160019:160022:160021:160042:160006:160041:160025:160033:160009:160050:160026:160027:160007:160045:160040
RJ,deogarh,2904,OR,deogarh,768108:768119
RJ,padampur,1505,OR,padampur,767022:768036:768049:768037:768035:768048
RJ,raipur,1481:2937,CG,raipur,493211:492014:492099:492016:493221:492015:492012:493111:492013:492004:492009:492010:492007:492003:492008:492002:492101:492011:492001:492005:492006
RJ,ramgarh,1468,JH,ramgarh,825101:829122:829146:829109:829101:829108:825103:829117:829150:829103:829129:825330:825316:829131:829102
TN,arni,4173,MH,arni,445106:445103:445105
TN,karaikal,4368,PU,karaikal,609604:609702:609311:609605:609606:609307:609313:609308:609602:609310:609601:609303:609312:609607:609609:609703
TN,pondicherry,413,PU,pondicherry,607403:605652:607402:605001:605110:605107:605111:605502:605006:605012:605014:605013:605501:605004:605009:605007:605102:605106:605010:605008:605011:605101:605002:605109:605104:605003:605005
UPE,akbarpur,5111,UP,akbarpur,224235:224152:224227:224122:224168:224231:224146:224151
UPE,allahabad,532,UP,allahabad,211015:211023:211018:212307:211006:211017:211001:211104:212212:211019:211008:212208:211003:212111:211016:211009:211004:211010:211005:212301:211007:211002:210100:211012:211014:210010:212105:211011:211020
UPE,amethi,5368,UP,amethi,230503:227411:227807:230125:227409:227412:227406:227405:230501:227413:227407
UPE,auraiya,5683,UP,auraiya,206122:209125:285125:209715:206244:206247:206129
UPE,azamgarh,5462,UP,azamgarh,276204:276305:276201:276001:276301:223227:276302:223224:276406:276205:276303:276128:223226:276304:276202:223225:276207
UPE,baberu,5190,UP,baberu,210125:210128:210121
UPE,banda,5192,UP,banda,210001:210123
UPE,bansi,5545,UP,bansi,272152:272153
UPE,barabanki,5248,UP,barabanki,225122:225123:225412:225301:225002:225203:225204:225003:225001:225121:225414
UPE,basti,5542,UP,basti,272001:272155:272128:272170:272002:272003:272178:272123:272131:272125:272190:272302:272141:272124:272149:272105:272182:272126
UPE,bhadohi,5414,UP,bhadohi,221406:221409:221408:221404:221407:221301:221401
UPE,bharwari,5331,UP,bharwari,212213:212203:212207:212201
UPE,bidhuna,5681,UP,bidhuna,206248:206249:206250:206251:206252:206243:206241
UPE,biswan,5863,UP,biswan,261145:261206:261202:261201:261205
UPE,chakia,5413,BR,chakia,845426:845413:845412:845414:845420
UPE,chhibramau,5691,UP,chhibramau,209731:209720:209747:209729:209743:209735:209728:209721
UPE,deoria,5568,UP,deoria,274001:274405:274204:274003:274805:274201:274807:274202:274806
UPE,domariyaganj,5541,UP,domariyaganj,272195:272193:271312:271307:272191:272189:272192
UPE,etawah,5688,UP,etawah,206126:206245:206001:206003:206002:206130:206131:206253
UPE,faizabad,5278,UP,faizabad,224001:224234:224189:224182:224203:224135:224204:224172:224123:224284:224141:224133:224127:224145:224201:224188:224161:224202:224171:224223:224157:224195
UPE,fatehpur,5240,UP,fatehpur,212662:212621:212663:212651:212661:212654:212601:212620:212645:212660
UPE,ghatampur,5115,UP,ghatampur,209209:209207:209401:212659:209206:209208:209308
UPE,ghazipur,548,UP,ghazipur,233002:233224:232341:232336:232332:233001:233300:233226:233311:233303:233305
UPE,ghosi,5461,UP,ghosi,275305:275306:276405:275301:275105:275304:275307:276306:275302
UPE,gonda,5262,UP,gonda,271122:271002:271308:271601:271003:271001:271310:271125:271301:271602:271401:271123
UPE,gorakhpur,551,UP,gorakhpur,273202:273013:273007:273017:273009:273016:273014:273212:273209:273011:273008:273012:273001:273201:273401:273010:273015:273004:273003:273203:273006:273002:273005
UPE,hamirpur,5282,HP,hamirpur,177005:177001:177501:177022:177040:177027:177030:177020:177029:177023:177048
UPE,jalalabad,5843,PB,jalalabad,152022:152024:152033
UPE,jalaun,5168,UP,jalaun,285126:285130:285128:285127:285123:285134:285121:285129:285124
UPE,jaunpur,5452,UP,jaunpur,222132:222105:222107:222112:222180:222001:222002:222133:222110:222108:222138:222109:222003
UPE,jhansi,5174,UP,jhansi,284120:284127:284419:284001:284135:284002:284003:284128:284121:284129
UPE,kannauj,5694,UP,kannauj,209738:209748:209734:209727:209723:209732:209725:209722:209736:209733:209726
UPE,kanpur,512,UP,kanpur,208014:208004:209214:208023:209304:208018:208026:208022:209293:208025:209203:208019:209205:208015:208010:209204:208002:209210:208006:208007:208027:209121:209407:208008:208013:208009:208005:209201:209307:209217:208001:208039:999982:208024:208012:208016:208003:209305:208011:208017:208020:208021
UPE,kerakat,5450,UP,kerakat,222170:222181:222142
UPE,khaga,5182,UP,khaga,212653:212652:212655:212656:212622:212658:212650
UPE,konch,5165,UP,konch,285206:285251:285201:285223:285205
UPE,kunda,5341,UP,kunda,230128:230204:229417:230143:229416:230202:229418:230141
UPE,lalganj,5463,UP,lalganj,229210:229130:229212:229120:229205:229206:229201:229215:229211:229208:229125:229216:229207:229209:229121:229203
UPE,lucknow,522,UP,lucknow,226501:226023:226303:227005:226301:227106:226028:226203:226029:226201:226014:226001:226018:227105:226017:226030:226019:227308:226020:226008:227015:226004:224226:227305:226024:226009:227309:226006:226013:226031:227132:227208:226016:226015:226003:226002:226007:226021:226025:227207:226202:226000:226305:227107:226005:226401:226302:226027:227101:226011:226010:227205:226012:226022:227202:227125:226026
UPE,maharajganj,5523,UP,maharajganj,273303:273302
UPE,mainpuri,5672,UP,mainpuri,206301:205261:205001:205301:205119:205262:205267:205263:205265:205247:205264
UPE,malihabad,5212,UP,malihabad,227111:226101:226103:226102:209881:226104:227115:229841:229881:226106
UPE,mauranipur,5178,UP,mauranipur,284204:284205
UPE,orai,5162,UP,orai,285202:285001:285196:285122
UPE,padrauna,5564,UP,padrauna,274303:274304:274307:274309:274308
UPE,patti,5343,PB,patti,143305:143415:143417:143304:143306:143416:143412:143303:143419
UPE,pratapgarh,5342,UP,pratapgarh,230305:230002:230001:230131:230404:230401:230122:230304:230402:230403:230502
UPE,rath,5280,UP,rath,210431:210422:210429:210430:210428
UPE,sandila,5854,UP,sandila,241203:241201:241126:241127:241202:241204
UPE,shahabad,5853,UP,shahabad,241124:241125:241123
UPE,shahganj,5453,UP,shahganj,276288:222139:223102:223106:223101:228101:222101:222113:223222:223104:223103:222104:223107:223105
UPE,shahjahanpur,5842,UP,shahjahanpur,242407:242226:242306:242223:242406:242001:242005
UPE,shikohabad,5676,UP,shikohabad,283145:205141:205152:205145:205147:205135:205142:205121:205151:205125:283130:283136:215126:283141:283135:283151:205130
UPE,sitapur,5862,CG,sitapur,261125:261405:261001:261131:261404
UPE,soraon,5335,UP,soraon,212502:212501:229412:212109:211022:212503:212507:230146:211021:211013
UPE,sultanpur,5362,UP,sultanpur,227408:227812:228001:227805:227808:228119:228155:228118
UPE,tilhar,5841,UP,tilhar,242307:242301:242305
UPE,unnao,515,UP,unnao,209864:209862:229503:209861:209506:229502:209863:209825:209865:209859:209867:209801:209866:229202:209831:209827:209860:209841
UPW,agra,562,UP,agra,282005:283126:282002:282008:282007:282006:282004:282003:282009:282010:282001
UPW,aligarh,571,UP,aligarh,204106:202150:202131:212128:202122:202127:202126:202155:202002:202129:202305:202281:202133:202128:202120:202004:202121:202280:202124:202282:202001:202145:202125:202130
UPW,almora,5962,UK,almora,263601:263620:263636:263643
UPW,amroha,5922,UP,amroha,244222:244236:244221:244245:244251
UPW,bageshwar,5963,UK,bageshwar,263632:263634:263642
UPW,baheri,5822,UP,baheri,243201:243203
UPW,bareilly,581,UP,bareilly,243123:243006:243501:243124:243003:243002:243004:243122:243502:243005:243202:243001
UPW,bisalpur,5881,UP,bisalpur,262201:262202
UPW,budhana,1392,UP,budhana,251309:251318:251305
UPW,bulandshahr,5732,UP,bulandshahr,203001:203002:203409:245409:203121:203150
UPW,chamoli,1372,UK,chamoli,246444:246440:246429:246473:246449:246455:246424:246472:246474:246488:246426:246487:246401:246446
UPW,dataganj,5831,UP,dataganj,243635:242303:243630:243402
UPW,dehradun,135,UK,dehradun,248012:248115:248005:248004:248160:248201:248010:248121:248110:248197:248006:248009:248146:248171:248018:248141:248001:248002:248013:248007:248102:248008:248161:248014:248147:248015:248195:248011:248003
UPW,deoband,1336,UP,deoband,247554:251327:247670:247551
UPW,dhampur,1344,UP,dhampur,246733:246747:246761
UPW,dharchula,5967,UK,dharchula,262545
UPW,etah,5742,UP,etah,207122:207003:207120:207002:283152:207121:207126:207001
UPW,hapur,122,UP,hapur,245201:203408:245101:245206:245408:245207
UPW,hathras,5722,UP,hathras,281307:204102:204101:281206:204213:204105:202139:204216:281306:202146
UPW,jalesar,5745,UP,jalesar,281104:207301:207302
UPW,kasganj,5744,UP,kasganj,207241:207123:207245:207403:202134:207124:207125:207402:207401
UPW,kashipur,5947,UK,kashipur,262401:244712:244714:244717:244713:263401:244716:263150
UPW,khair,5724,UP,khair,281201:202136:202138:281205:202143:202135:202132:202123:202140:202141:202142
UPW,khatima,5943,UK,khatima,262308
UPW,khurja,5738,UP,khurja,203132:203131:203129
UPW,mathura,565,UP,mathura,281001:281502:281501:281301:281006:281302:281123:281005:281308:281002:281004:281003:281303:281305:281122
UPW,mawana,1233,UP,mawana,250401:250402:251320:250406:250404
UPW,meerut,121,UP,meerut,250103:250001:250002:250106:250104:250013:250003:250010:250105:250102:250502:250341:250005:250007:250004:250501:250403
UPW,modinagar,1232,UP,modinagar,250205:201201:201204:201206:201205
UPW,moradabad,591,UP,moradabad,244002:244105:244104:244102:244004:244504:244001:244103:244226:202415:202413:244902:244411
UPW,nagina,1343,UP,nagina,246765:246724:246762
UPW,nainital,5942,UK,nainital,263001:263002:263127:263131:263128
UPW,najibabad,1341,UP,najibabad,246732:246763:246749:246768
UPW,nawabganj,5825,UP,nawabganj,271303:271309:271304:271302:271403:271129:272129:271319:271124
UPW,pilibhit,5882,UP,pilibhit,262001:262302:262305:262203
UPW,pithoragarh,5964,UK,pithoragarh,262502:262540:262520:262521:262501:262530
UPW,puranpur,5880,UP,puranpur,262122:262124
UPW,rampur,595,UP,rampur,244402:244901:244926:244927:244924:244925
UPW,ranikhet,5966,UK,ranikhet,263651:263652:263646:263645:263655:263663
UPW,saharanpur,132,UP,saharanpur,247669:247001:247672:247002:247231:247232:247769
UPW,sahaswan,5833,UP,sahaswan,243636:243640:202524:243638:243724
UPW,sambhal,5923,UP,sambhal,244003:244242:244304:244303:244301:244302
UPW,shahabad,5960,UP,shahabad,241124:241125:241123
UPW,sikandra rao,5721,UP,sikandra rao,204215:204214:202170:204211:204212
UPW,sikandrabad,5735,UP,sikandrabad,245406:203203:203205:203206:203201:203202
UPW,siyana,5736,UP,siyana,203401:245401:245402:203412:245405:245403:245412:203402:245411:203411:245407:203405:245208:203407:203403
UPW,tehri,1376,UK,tehri,249001:249124:249145
WB,gangtok,3592,SK,gangtok,737102:737101
